question_id,paper_id,question,gold_answer,predicted_answer,retrieved_chunk_ids,retrieved_section_names,f1,exact_match,idk,experiment,condition
27275fe9f6a9004639f9ac33c3a5767fea388a98,2003.11645,What hyperparameters are explored?,"Dimension size, window size, architecture, algorithm, epochs, hidden dimension size, learning rate, loss function, optimizer algorithm.","Dimension size, training epochs, window size, vocabulary size, subsampling rate, and the window size.","['2003.11645_1_1', '2003.11645_0_0', '2003.11645_2_0']","['Literature Review', 'Introduction', 'Methodology']",0.0,0.0,False,exp1_boundary,clean
10f560fe8e1c0c7dea5e308ee4cec16d07874f1d,1901.03859,How does nextsum work?,"selects the next summary sentence based not only on properties of the source text, but also on the previously selected sentences in the summary","NextSum is a next-sentence predictor that generates summaries by iteratively predicting the next sentence until the end-of-sentence marker ($\langle$ EOS $\rangle$) is selected. It uses a feedforward neural network to compute the probability of a sentence given the source article and the partial summary. The model is trained to predict the next sentence in the summary, and can be used to generate a complete summary by repeatedly calling the next-sentence prediction module.","['1901.03859_3_0', '1901.03859_7_0', '1901.03859_4_0']","['Predicting the next summary sentence', 'Features for next sentence prediction', 'Summary generation']",0.0273972602739726,0.0,False,exp1_boundary,boundary_cut
12159f04e0427fe33fa05af6ba8c950f1a5ce5ea,1705.01265,Which hyperparameters were varied in the experiments on the four tasks?,"number of clusters, seed value in clustering, selection of word vectors, window size and dimension of embedding",I don't know.,"['1705.01265_3_0', '1705.01265_5_0', '1705.01265_4_0']","['Named-Entity Recognition in Twitter', 'Fine-Grained Sentiment Quantification', 'Fine-grained Sentiment Analysis']",0.5,0.0,True,exp1_boundary,clean
efe49829725cfe54de01405c76149a4fe4d18747,1901.03866,How much does HAS-QA improve over baselines?,"For example, in QuasarT, it improves 16.8% in EM score and 20.4% in F1 score.  For example, in QuasarT, it improves 4.6% in EM score and 3.5% in F1 score.",HAS-QA improves 16.8% in EM score and 20.4% in F1 score over traditional RC baselines in QuasarT.,"['1901.03866_11_0', '1901.03866_10_0', '1901.03866_7_1']","['Model Analysis', 'Overall Results', 'Paragraph Quality Estimator']",0.0,0.0,False,exp1_boundary,clean
22c36082b00f677e054f0f0395ed685808965a02,1910.10408,Do they conduct any human evaluation?,yes,"Yes, they conduct a human evaluation for the En-It Len-Tok model.","['1910.10408_15_0', '1910.10408_9_0', '1910.10408_13_0']","['Results ::: Human Evaluation and Analysis', 'Experiments ::: Data and Settings', 'Results ::: Small Data condition']",0.0,0.0,False,exp1_boundary,boundary_cut
7efbe48e84894971d7cd307faf5f6dae9d38da31,2001.07263,How big is Switchboard-300 database?,300-hour English conversational speech,I don't know.,"['2001.07263_2_0', '2001.07263_7_0', '2001.07263_2_1']","['Experimental setup', 'Experimental results ::: Effect of beam size and number of parameters', 'Experimental setup']",0.5,0.0,True,exp1_boundary,clean
59a5959a6abfb81b114e7bfaa945301349d20f0f,1704.00939,What is the source of their lexicon?,DepecheMood,Wikipedia and Gigaword corpus.,"['1704.00939_0_0', '1704.00939_5_0', '1704.00939_4_0']","['Introduction', 'Architectural Details', 'Sentence representation and preprocessing']",0.0,0.0,False,exp1_boundary,clean
c2eb743c9d0baf1781c3c0df9533fab588250af3,1809.02279,Which models did they experiment with?,Stacked LSTMs Cell-aware Stacked LSTMs Sentence Encoders Top-layer Classifiers,"They experimented with the following models: 

1. Plain stacked LSTMs
2. Models with different INLINEFORM0
3. Models without INLINEFORM1
4. Models that integrate lower contexts via peephole connections","['1809.02279_4_0', '1809.02279_11_0', '1809.02279_12_0']","['Cell-aware Stacked LSTMs', 'Forget Gate Analysis', 'Model Variations']",0.0,0.0,False,exp1_boundary,clean
ed6462da17c553bda112ef35917fefe6942fce3c,1909.09018,What are all machine learning approaches compared in this work?,Feature selection Random forest XGBoost Hierarchical Model,"The machine learning approaches compared in this work are:

1. Support Vector Machines (SVM)
2. Random Forest (RF)
3. Naive Bayes (NB)
4. Multinomial Naive Bayes
5. Logistic Regression
6. K-Nearest Neighbour
7. LSTM (Long Short-Term Memory) models
8. XGBoost machine learning model
9. Bagged voting model","['1909.09018_1_0', '1909.09018_18_0', '1909.09018_8_0']","['Related Work', 'Results and Analysis', 'Email classifier using machine learning ::: Preprocessing']",0.0,0.0,False,exp1_boundary,clean
7f5059b4b5e84b7705835887f02a51d4d016316a,1904.09545,Do they experiment with language modeling on large datasets?,no,I don't know.,"['1904.09545_1_0', '1904.09545_0_0', '1904.09545_2_0']","['Background', 'Introduction', 'Approach']",0.0,0.0,True,exp1_boundary,clean
ba1da61db264599963e340010b777a1723ffeb4c,1612.04675,What does recurrent deep stacking network do?,Stacks and joins outputs of previous frames with inputs of the current frame,It stacks and concatenates the outputs of previous frames into the input features of the current frame.,"['1612.04675_1_0', '1612.04675_0_0', '1612.04675_4_0']","['Recurrent Deep Stacking Network', 'Introduction', 'Experiments']",0.0,0.0,False,exp1_boundary,clean
cbbcafffda7107358fa5bf02409a01e17ee56bfd,2004.03061,Was any variation in results observed based on language typology?,It is observed some variability - but not significant. Bert does not seem to gain much more syntax information than with type level information.,"Yes, we worked on a typologically diverse set of languages (Basque, Czech, English, Finnish, Tamil, and Turkish).","['2004.03061_7_0', '2004.03061_17_0', '2004.03061_0_1']","['Control Functions ::: Type-Level Control Functions', 'A Critique of Control Tasks ::: What Low-Selectivity Means', 'Introduction']",0.1111111111111111,0.0,False,exp1_boundary,clean
f9bf6bef946012dd42835bf0c547c0de9c1d229f,1912.01772,How is non-standard pronunciation identified?,Original transcription was labeled with additional labels in [] brackets with nonstandard pronunciation.,I don't know.,"['1912.01772_5_0', '1912.01772_2_0', '1912.01772_7_0']","['The Resource ::: Cleaning', 'The Resource', 'Applications']",0.5,0.0,True,exp1_boundary,clean
f641f561ad2ea2794a52e4e4bdd62e1f353ab797,2001.09215,What language is explored in this paper?,English language,I don't know.,"['2001.09215_1_1', '2001.09215_1_0', '2001.09215_0_0']","['Proposed Methodology', 'Proposed Methodology', 'Introduction']",0.5,0.0,True,exp1_boundary,clean
b8ffb81e74c1c1ad552051aca8741b0141ae6e97,1710.09753,What is the task of slot filling?,"The task aims at extracting information about persons, organizations or geo-political entities from a large collection of news, web and discussion forum documents.",The main idea of slot filling is to extend a knowledge base by extracting pre-defined relations between (named) entities from text data.,"['1710.09753_2_0', '1710.09753_1_0', '1710.09753_3_0']","['Slot filling task', 'Related work', 'Coreference resolution for slot filling']",0.08695652173913045,0.0,False,exp1_boundary,clean
d7644c674887ca9708eb12107acd964ae53b216d,2002.12612,What are the global network features which quantify different aspects of the sharing process?,Number of Strongly Connected Components (SCC) Size of the Largest Strongly Connected Component (LSCC) Number of Weakly Connected Components (WCC) Size of the Largest Weakly Connected Component (LWCC) Diameter of the Largest Weakly Connected Component (DWCC) Average Clustering Coefficient (CC) Main K-core Number (KC) Density (d),"The global network features used to quantify different aspects of the sharing process are:

1. Number of Strongly Connected Components (SCC)
2. Size of the Largest Strongly Connected Component (LSCC)
3. Number of Weakly Connected Components (WCC)
4. Size of the Largest Weakly Connected Component (LWCC)
5. Diameter of the Largest Weakly Connected Component (DWCC)
6. Average Clustering Coefficient (CC)
7. Main K-core Number (KC)
8. Density (d)
9. Structural virality of the largest weakly connected component (SV)","['2002.12612_4_0', '2002.12612_5_0', '2002.12612_6_0']","['Methodology ::: Building diffusion networks', 'Methodology ::: Global network properties', 'Methodology ::: Interpretation of network features and layers']",0.02531645569620253,0.0,False,exp1_boundary,boundary_cut
9d578ddccc27dd849244d632dd0f6bf27348ad81,1909.00694,What are the results?,"Using all data to train: AL -- BiGRU achieved 0.843 accuracy, AL -- BERT achieved 0.863 accuracy, AL+CA+CO -- BiGRU achieved 0.866 accuracy, AL+CA+CO -- BERT achieved 0.835, accuracy, ACP -- BiGRU achieved 0.919 accuracy, ACP -- BERT achived 0.933, accuracy, ACP+AL+CA+CO -- BiGRU achieved 0.917 accuracy, ACP+AL+CA+CO -- BERT achieved 0.913 accuracy. 
Using a subset to train: BERT achieved 0.876 accuracy using ACP (6K), BERT achieved 0.886 accuracy using ACP (6K) + AL, BiGRU achieved 0.830 accuracy using ACP (6K), BiGRU achieved 0.879 accuracy using ACP (6K) + AL + CA + CO.","The results are shown in multiple tables (TABREF23, TABREF24, and TABREF16) but the main results are:

- The BiGRU encoder trained with the AL+CA+CO dataset performed the best.
- BERT was competitive but its performance decreased when using CA and CO in addition to AL.
- Supervised models outperformed semi-supervised models.
- The training set of 0.6 million events is sufficiently large for training the models.
- The results also show that the CA pairs were noisier than the CO pairs.","['1909.00694_14_0', '1909.00694_12_0', '1909.00694_11_0']","['Experiments ::: Results and Discussion', 'Experiments ::: Dataset ::: ACP (ACP Corpus)', 'Experiments ::: Dataset ::: AL, CA, and CO']",0.0,0.0,False,exp1_boundary,clean
66d743b735ba75589486e6af073e955b6bb9d2a4,1909.06762,What were the baseline systems?,Attn seq2seq Ptr-UNK KV Net Mem2Seq DSR,I don't know.,"['1909.06762_18_0', '1909.06762_0_0', '1909.06762_12_0']","['Training the KB-Retriever ::: Experimental Settings', 'Introduction', 'Our Framework ::: Entity-Consistency Augmented Decoder ::: KB Row Selection ::: Memory Network-Based Retriever:']",0.0,0.0,True,exp1_boundary,clean
ebae0cd1fe0e7ba877d4b3055190e8b1dfcaeb53,1604.07236,What are the eight features mentioned?,User location (uloc) User language (ulang) Timezone (tz) Tweet language (tlang) Offset (offset) User name (name) User description (description) Tweet content (content),"User location, tweet content, user name, user description, tweet language, offset, user language, and time zone.","['1604.07236_9_0', '1604.07236_10_0', '1604.07236_5_1']","['Feature Combinations', 'Breakdown of Countries', 'Experiment Settings']",0.0,0.0,False,exp1_boundary,boundary_cut
cfb5ab893ed77f9df7eeb4940b6bacdef5acccea,1909.05360,Is this the first paper to propose a joint model for event and temporal relation extraction?,yes,Yes.,"['1909.05360_1_0', '1909.05360_0_0', '1909.05360_4_0']","['Related Work', 'Introduction', 'Joint Event-Relation Extraction Model ::: Multi-Tasking Neural Scoring Function']",0.0,0.0,False,exp1_boundary,clean
8acab64ba72831633e8cc174d5469afecccf3ae9,1702.03856,what is the domain of the corpus?,unanswerable,"Speech translation, specifically Spanish-English.","['1702.03856_2_0', '1702.03856_0_0', '1702.03856_1_0']","['Dataset', 'Introduction', 'From unsupervised term discovery to direct speech-to-text translation']",0.0,0.0,False,exp1_boundary,boundary_cut
18ad60f97f53af64cb9db2123c0d8846c57bfa4a,1911.05960,What supports the claim that injected CNN into recurent units will enhance ability of the model to catch local context and reduce ambiguities?,"word embeddings to generate a new feature, i.e., summarizing a local context","The experimental results shown in Table TABREF35 demonstrate that all variants of our CRU model could give substantial improvements over the traditional GRU model, with a maximum gain of 2.7%, 1.0%, and 1.9% in three datasets, respectively.","['1911.05960_5_0', '1911.05960_14_0', '1911.05960_1_0']","['Our approach ::: Contextual Recurrent Unit ::: Shallow Fusion', 'Experiments: Sentiment Classification ::: Results', 'Related Works']",0.052631578947368425,0.0,False,exp1_boundary,clean
19c9cfbc4f29104200393e848b7b9be41913a7ac,1908.06606,How many questions are in the dataset?,"2,714",I don't know.,"['1908.06606_16_0', '1908.06606_0_0', '1908.06606_3_0']","['Experimental Studies ::: Data Integration Analysis', 'Introduction', 'Question Answering based Clinical Text Structuring']",0.0,0.0,True,exp1_boundary,clean
30803eefd7cdeb721f47c9ca72a5b1d750b8e03b,1611.00514,How well does their system perform on the development set of SRE?,"EER 16.04, Cmindet 0.6012, Cdet 0.6107",The system results in a relative improvement of almost 10% in terms of both INLINEFORM0 and INLINEFORM1 when fusing MFCC and PLP scores.,"['1611.00514_15_0', '1611.00514_16_0', '1611.00514_0_0']","['Results and Discussion', 'Time Analysis', 'Introduction']",0.0,0.0,False,exp1_boundary,clean
0a521541b9e2b5c6d64fb08eb318778eba8ac9f7,1810.09774,Which datasets were used?,"SNLI, MultiNLI and SICK","The datasets used were SNLI, MultiNLI, and SICK.","['1810.09774_3_0', '1810.09774_1_0', '1810.09774_5_0']","['Data', 'Related Work', 'Experimental Results']",0.0,0.0,False,exp1_boundary,boundary_cut
32e8eda2183bcafbd79b22f757f8f55895a0b7b2,1908.04531,How many categories of offensive language were there?,3,"There were 7 categories of offensive language as per BIBREF8: 

1. Threat/Blackmail
2. Insult
3. Curse/Exclusion
4. Defamation
5. Sexual Talk
6. Defense
7. Encouragement to the harasser","['1908.04531_1_0', '1908.04531_1_1', '1908.04531_1_2']","['Background', 'Background', 'Background']",0.0689655172413793,0.0,False,exp1_boundary,boundary_cut
5cb3d69607f60e1c5be2120462726a477ead9570,1909.00153,"Does adversarial learning have stronger performance gains for text classification, or for NER?",classification,I don't know. The text does not provide a direct comparison of performance gains between text classification and NER using adversarial learning.,"['1909.00153_0_0', '1909.00153_4_0', '1909.00153_4_1']","['Introduction', 'Model Training', 'Model Training']",0.08695652173913045,0.0,True,exp1_boundary,clean
1f07e837574519f2b696f3d6fa3230af0b931e5d,1608.01084,Did they only experiment with one language pair?,yes,I don't know.,"['1608.01084_9_0', '1608.01084_7_0', '1608.01084_3_1']","['Data Set and Toolkits', 'Sparse Reordering Orientation Features', 'Dependency Swap Features']",0.0,0.0,True,exp1_boundary,clean
55588ae77496e7753bff18763a21ca07d9f93240,1702.06777,What are the characteristics of the rural dialect?,It uses particular forms of a concept rather than all of them uniformly,"The rural dialect, represented by the purple cluster, possesses more specific words in their lexicon and prefers particular utterances.","['1702.06777_0_0', '1702.06777_5_0', '1702.06777_6_0']","['Introduction', 'Global distance', 'Conclusions']",0.0,0.0,False,exp1_boundary,boundary_cut
b8137eb0fa0b41f871c899a54154f640f0e9aca1,1606.08495,What domains are considered that have such large vocabularies?,relational entities general text-based attributes descriptive text of images nodes in graph structure of networks queries,"The domains considered to have such large vocabularies are relational entities, general text-based attributes, descriptive text of images, nodes in graph structure of networks, and queries.","['1606.08495_0_0', '1606.08495_12_0', '1606.08495_9_0']","['Introduction', 'Benchmark data set', 'Main steps']",0.0,0.0,False,exp1_boundary,clean
3aa43a0d543b88d40e4f3500c7471e263515be40,1709.05563,What elements of natural language processing are proposed to analyze qualitative data?,"translated the responses in multiple languages into English using machine translation words without functional meaning (e.g. `I'), rare words that occurred in only one narrative, numbers, and punctuation were all removed remaining words were stemmed to remove plural forms of nouns or conjugations of verbs",Structural topic modeling is proposed as an NLP approach to analyze qualitative data.,"['1709.05563_16_0', '1709.05563_1_0', '1709.05563_16_1']","['UNDP Fragments of Impact Initiative', 'Supervised and Unsupervised Learning', 'UNDP Fragments of Impact Initiative']",0.0,0.0,False,exp1_boundary,clean
096f5c59f43f49cab1ef37126341c78f272c0e26,2001.05970,How many followers did they analyze?,"51,104",I don't know.,"['2001.05970_9_0', '2001.05970_1_0', '2001.05970_8_0']","['Methodology ::: Connotation Frames and Sentiment Analysis', 'Related Work', 'Methodology ::: Semantic Parsing with TRIPS']",0.0,0.0,True,exp1_boundary,clean
e8f969ffd637b82d04d3be28c51f0f3ca6b3883e,1706.01678,Which evaluation methods are used?,"Quantitative evaluation methods using ROUGE, Recall, Precision and F1.","ROGUE metric, ROGUE-1, ROGUE-2, ROGUE-L, Recall, Precision, and human evaluation (assigning scores from 1 to 10 for readability and information contained).","['1706.01678_11_0', '1706.01678_8_0', '1706.01678_5_0']","['Effectiveness of the Generator', 'Procedure to Analyze and Evaluate each step', 'Step 2: Story AMR to Summary AMR']",0.0909090909090909,0.0,False,exp1_boundary,clean
347e86893e8002024c2d10f618ca98e14689675f,1912.02481,What turn out to be more important high volume or high quality data?,only high-quality data helps,"High quality data turns out to be more important, especially in low-resourced languages. The paper shows that even with a large amount of noisy data, the performance of the embeddings is poor, whereas with a smaller amount of high-quality data, the performance is significantly better.","['1912.02481_13_0', '1912.02481_10_0', '1912.02481_11_0']","['Summary and Discussion', 'Semantic Representations ::: Experiments ::: FastText Training and Evaluation', 'Semantic Representations ::: Experiments ::: CWE Training and Evaluation']",0.04347826086956522,0.0,False,exp1_boundary,boundary_cut
b24767fe7e6620369063e646fd3048dc645a8348,1709.05413,Which dialogue acts are more suited to the twitter domain?,overlapping dialogue acts,I don't know.,"['1709.05413_1_1', '1709.05413_1_0', '1709.05413_0_1']","['Related Work', 'Related Work', 'Introduction']",0.5,0.0,True,exp1_boundary,clean
4a61260d6edfb0f93100d92e01cf655812243724,1911.03562,Which 3 NLP areas are cited the most?,"machine translation, statistical machine, sentiment analysis",I don't know. The provided context does not mention the NLP areas that are cited the most.,"['1911.03562_0_0', '1911.03562_6_1', '1911.03562_3_1']","['Introduction', 'Areas of Research', 'Demographics (focus of analysis: gender, age, and geographic diversity) ::: Gender']",0.1111111111111111,0.0,True,exp1_boundary,clean
eeaceee98ef1f6c971dac7b0b8930ee8060d71c2,2004.03685,What approaches they propose?,"Across models and tasks: The degree (as grayscale) of faithfulness at the level of specific models and tasks. Across input space: The degree of faithfulness at the level of subspaces of the input space, such as neighborhoods of similar inputs, or singular inputs themselves.","They propose a more practical view of faithfulness, calling for a graded criteria that measures the extent and likelihood of an interpretation to be faithful, in practice.","['2004.03685_1_0', '2004.03685_0_0', '2004.03685_3_0']","['Faithfulness vs. Plausibility', 'Introduction', 'Evaluation via Utility']",0.07142857142857142,0.0,False,exp1_boundary,clean
c69f4df4943a2ca4c10933683a02b179a5e76f64,2003.12738,What approach performs better in experiments global latent or sequence of fine-grained latent variables?,"PPL: SVT
Diversity: GVT
Embeddings Similarity: SVT
Human Evaluation: SVT","The approach with sequence of fine-grained latent variables (SVT) performs better in experiments, especially in terms of semantic relevance-oriented metrics such as $\textbf {EMB}_\textbf {FT}$ and $\textbf {EMB}_\textbf {BERT}$ in MojiTalk dataset.","['2003.12738_5_0', '2003.12738_0_0', '2003.12738_23_0']","['Preliminaries ::: CVAE with Transformer', 'Introduction', 'Results ::: Quantitative Analysis']",0.0,0.0,False,exp1_boundary,clean
dee116df92f9f92d9a67ac4d30e32822c22158a6,1803.02839,Is there a formal proof that the RNNs form a representation of the group?,no,I don't know.,"['1803.02839_2_1', '1803.02839_8_1', '1803.02839_1_0']","['Intuition and motivation', 'Interpretation of results', 'Summary of results']",0.0,0.0,True,exp1_boundary,boundary_cut
e097c2ec6021b1c1195b953bf3e930374b74d8eb,1910.14443,How is octave convolution concept extended to multiple resolutions and octaves?,"The resolution of the low-frequency feature maps is reduced by an octave – height and width dimensions are divided by 2. In this work, we explore spatial reduction by up to 3 octaves – dividing by $2^t$, where $t=1,2,3$ – and for up to 4 groups. We refer to such a layer as a multi-octave convolutional (MultiOctConv) layer,",The octave convolution concept is extended to multi-scale octave convolutional layers by including lower resolution feature maps with a higher compression rate (reduction by more than one octave) and using more than two feature map tensor groups to learn representations at multiple scales.,"['1910.14443_1_0', '1910.14443_1_1', '1910.14443_0_0']","['Multi-scale octave convolutions', 'Multi-scale octave convolutions', 'Introduction']",0.04545454545454545,0.0,False,exp1_boundary,clean
2210178facc0e7b3b6341eec665f3c098abef5ac,1707.05853,What type of recurrent layers does the model use?,GRU,GRUs (Gated Recurrent Units),"['1707.05853_1_0', '1707.05853_2_0', '1707.05853_0_0']","['Proposed Model', 'Data', 'Introduction']",0.0,0.0,False,exp1_boundary,clean
78577fd1c09c0766f6e7d625196adcc72ddc8438,1912.00955,What dataset is used for train/test of this method?,Training datasets: TTS System dataset and embedding selection dataset. Evaluation datasets: Common Prosody Errors dataset and LFR dataset.,I don't know. The dataset is not explicitly mentioned in the provided context.,"['1912.00955_6_0', '1912.00955_13_0', '1912.00955_6_1']","['Proposed Systems ::: Applications to LFR', 'Results', 'Proposed Systems ::: Applications to LFR']",0.14285714285714288,0.0,True,exp1_boundary,clean
0ba3ea93eef5660a79ea3c26c6a270eac32dfa4c,1710.07960,Did they use a crowdsourcing platform for annotations?,no,I don't know.,"['1710.07960_1_0', '1710.07960_0_0', '1710.07960_8_0']","['Related work', 'Introduction', 'Results']",0.0,0.0,True,exp1_boundary,boundary_cut
e6469135e0273481cf11a6c737923630bc7ccfca,1909.05438,What datasets are used in this paper?,WikiSQL SimpleQuestions SequentialQA,WikiSQL.,"['1909.05438_7_1', '1909.05438_5_0', '1909.05438_7_0']","['Table-Based Semantic Parsing', 'Meta-Learning', 'Table-Based Semantic Parsing']",0.0,0.0,False,exp1_boundary,clean
40f87db3a8d1ac49b888ce3358200f7d52903ce7,1702.06700,Does the new system utilize pre-extracted bounding boxes and/or features?,yes,I don't know.,"['1702.06700_10_0', '1702.06700_4_0', '1702.06700_4_2']","['Results and Analysis', 'Model', 'Model']",0.0,0.0,True,exp1_boundary,clean
3bf429633ecbbfec3d7ffbcfa61fa90440cc918b,1710.06536,How are aspects identified in aspect extraction?,apply an ensemble of deep learning and linguistics t,"Aspects are identified in aspect extraction through various methods, including:

1. Conditional Random Fields (CRFs)
2. Linguistic patterns
3. Aspect term extraction as sequence labeling
4. Topic modeling (such as pLSA and LDA)
5. Maximum entropy method
6. Linguistic analysis of syntactic structure of sentences
7. Pre-trained word embeddings (such as Amazon embeddings)
8. Rule-based approaches (such as LPs)","['1710.06536_6_1', '1710.06536_8_0', '1710.06536_14_5']","['Introduction', 'Aspect-Based Sentiment Analysis', 'Aspect Extraction']",0.0,0.0,False,exp1_boundary,boundary_cut
bdc6664cec2b94b0b3769bc70a60914795f39574,1907.08501,How do they measure performance?,"average INLINEFORM0 , INLINEFORM1 , and INLINEFORM2 values","They use the classic information retrieval metrics of precision (P), recall (R), and F1.","['1907.08501_4_0', '1907.08501_5_0', '1907.08501_0_0']","['Evaluation Setup', 'Evaluation Results and Discussion', 'INTRODUCTION']",0.13333333333333333,0.0,False,exp1_boundary,clean
b236b9827253037b2fd7884d7bfec74619d96293,1908.09137,How much better performance of proposed model compared to answer-selection models?,"significant MAP performance improvement compared to the previous best model, CompClip-LM (0.696 to 0.734 absolute)",0.038 absolute (0.696 to 0.734).,"['1908.09137_7_0', '1908.09137_0_0', '1908.09137_2_0']","['Experiments ::: Comparisons with Other Methods', 'Introduction', 'Task and Dataset']",0.0,0.0,False,exp1_boundary,clean
7d841b98bcee29aaa9852ef7ceea1213d703deba,1909.02776,Is new approach tested against state of the art?,no,I don't know.,"['1909.02776_1_1', '1909.02776_14_0', '1909.02776_5_0']","['Related works', 'Incorporating Document Features ::: Evaluation Measures', 'Incorporating Document Features ::: Learning Phase ::: Feature Extraction ::: Document-unaware Features']",0.0,0.0,True,exp1_boundary,clean
f5cf8738e8d211095bb89350ed05ee7f9997eb19,1909.08402,By how much do they outperform standard BERT?,up to four percentage points in accuracy,"They outperform the classical TF-IDF approach, but the exact difference in performance between BERT and standard BERT is not specified in the given context.","['1909.08402_10_0', '1909.08402_7_0', '1909.08402_11_0']","['Results', 'Experiments ::: Model Architecture', 'Discussion']",0.0,0.0,False,exp1_boundary,clean
5787ac3e80840fe4cf7bfae7e8983fa6644d6220,1909.00279,What dataset is used for training?,We collected a corpus of poems and a corpus of vernacular literature from online resources,A vernacular texts corpus $\textbf {\emph {S}}$ and a poem corpus $\textbf {\emph {T}}$.,"['1909.00279_1_0', '1909.00279_2_0', '1909.00279_13_0']","['Related Works', 'Model ::: Main Architecture', 'Discussion']",0.13333333333333333,0.0,False,exp1_boundary,clean
ea6764a362bac95fb99969e9f8c773a61afd8f39,1607.06025,What is the highest accuracy score achieved?,82.0%,82.0%,"['1607.06025_11_0', '1607.06025_9_0', '1607.06025_12_0']","['Preliminary evaluation', 'Experiment details', 'Other models']",0.0,0.0,False,exp1_boundary,clean
944d5dbe0cfc64bf41ea36c11b1d378c408d40b8,1911.01799,Which of the two speech recognition models works better overall on CN-Celeb?,x-vector,"I don't know. The provided context does not mention any specific speech recognition models being tested on CN-Celeb. It discusses the collection of the CN-Celeb dataset and the speaker recognition task, but does not provide information on the performance of specific models.","['1911.01799_0_1', '1911.01799_3_0', '1911.01799_0_0']","['Introduction', 'The CN-Celeb dataset ::: Collection pipeline', 'Introduction']",0.0,0.0,True,exp1_boundary,clean
6ca938324dc7e1742a840d0a54dc13cc207394a1,1903.09722,What dataset do they use?,German newscrawl distributed by WMT'18  English newscrawl data WMT'18 English-German (en-de) news translation task  WMT'18 English-Turkish (en-tr) news task,"They use the following datasets: 

1. WMT'18 English-German (en-de) news translation task
2. WMT'18 English-Turkish (en-tr) news task
3. Newstest2017 and newstest2018
4. A widely used dataset for abstractive text summarization (no specific name mentioned)","['1903.09722_7_0', '1903.09722_4_0', '1903.09722_5_0']","['Machine translation', 'Datasets', 'Language model pre-training']",0.05555555555555556,0.0,False,exp1_boundary,clean
f52ec4d68de91dba66668f0affc198706949ff90,1906.07668,What other interesting correlations are observed?,Women-Yoga,I don't know.,"['1906.07668_12_0', '1906.07668_9_0', '1906.07668_15_0']","['Visualization', 'Optimal number of Topics', 'Observation and Future Work']",0.0,0.0,True,exp1_boundary,clean
a4d115220438c0ded06a91ad62337061389a6747,1809.01202,What types of social media did they consider?,Facebook status update messages,I don't know.,"['1809.01202_0_0', '1809.01202_4_0', '1809.01202_1_1']","['Introduction', 'Model', 'Related Work']",0.0,0.0,True,exp1_boundary,clean
771b373d09e6eb50a74fffbf72d059ad44e73ab0,1912.01673,How do they introduce language variation?, we were looking for original and uncommon sentence change suggestions,"They introduce language variation by manually selecting 150 sentences from Czech data of Global Voices and OpenSubtitles, and then manually applying various sentence transformations to these sentences.","['1912.01673_1_0', '1912.01673_1_1', '1912.01673_5_0']","['Background', 'Background', 'Annotation ::: Second Round: Collecting Data ::: Seed Data']",0.0,0.0,False,exp1_boundary,clean
5260cb56b7d127772425583c5c28958c37cb9bea,1701.04056,How long of dialog history is captured?,two previous turns,The dialog history of 2 turns is captured.,"['1701.04056_11_0', '1701.04056_6_0', '1701.04056_0_0']","['Results and Analysis', 'Interactive Dialog Context LM', 'Introduction']",0.0,0.0,False,exp1_boundary,clean
005cca3c8ab6c3a166e315547a2259020f318ffb,2003.04642,How does proposed qualitative annotation schema looks like?,The resulting taxonomy of the framework is shown in Figure FIGREF10,"The proposed qualitative annotation schema is inspired by Wang2019 and adapted around lexical semantics and syntax. It includes features such as Redundancy, Lexical Entailment, Synonyms, Paraphrases, Abbreviations, Dative case, Voice, Genitive case, Nominalisation, Ellipsis, Restrictivity, Factivity, Coreference, and ambiguous syntactic features.","['2003.04642_7_0', '2003.04642_5_0', '2003.04642_13_0']","['Framework for MRC Gold Standard Analysis ::: Dimensions of Interest ::: Linguistic Complexity', 'Framework for MRC Gold Standard Analysis ::: Dimensions of Interest ::: Required Reasoning', 'Application of the Framework ::: Qualitative Analysis ::: Factual Correctness']",0.0,0.0,False,exp1_boundary,clean
b34c60eb4738e0439523bcc679fe0fe70ceb8bde,1907.10738,How is OpenBookQA different from other natural language QA?,in the OpenBookQA setup the open book part is much larger the open book part is much larger (than a small paragraph) and is not complete as additional common knowledge may be required,"OpenBookQA is different from other natural language QA in that it focuses on ""deeper understanding of the materials and its application to new situations"" rather than memorization, and it requires reasoning involving both facts from an open book and common knowledge.","['1907.10738_0_0', '1907.10738_7_0', '1907.10738_2_0']","['Introduction', 'Question Answering', 'Approach']",0.0,0.0,False,exp1_boundary,boundary_cut
56123dd42cf5c77fc9a88fc311ed2e1eb672126e,1911.09886,What is previous work authors reffer to?,SPTree Tagging CopyR HRL GraphR N-gram Attention,BIBREF9 and BIBREF10.,"['1911.09886_6_1', '1911.09886_7_1', '1911.09886_7_0']","['Encoder-Decoder Architecture ::: Relation Tuple Extraction', 'Encoder-Decoder Architecture ::: Attention Modeling', 'Encoder-Decoder Architecture ::: Attention Modeling']",0.0,0.0,False,exp1_boundary,boundary_cut
25c4fa78299481788a19d0c25ae07dfd8cb6315c,1901.04085,What is the TREC-CAR dataset?,"in this dataset, the input query is the concatenation of a Wikipedia article title with the title of one of its section. The relevant passages are the paragraphs within that section","The TREC-CAR dataset is a passage ranking dataset that consists of all English Wikipedia paragraphs, except abstracts, with queries being the concatenation of a Wikipedia article title and one of its section titles.","['1901.04085_3_0', '1901.04085_2_0', '1901.04085_0_0']","['TREC-CAR', 'MS MARCO', 'Introduction']",0.05882352941176471,0.0,False,exp1_boundary,clean
f8da63df16c4c42093e5778c01a8e7e9b270142e,2002.04095,How is segmentation quality evaluated?,"Segmentation quality is evaluated by calculating the precision, recall, and F-score of the automatic segmentations in comparison to the segmentations made by expert annotators from the ANNODIS subcorpus.","The segmentation quality is evaluated by calculating the precision (P), recall (R), and F-score.","['2002.04095_6_1', '2002.04095_7_0', '2002.04095_8_0']","['Experiments', 'Experiments ::: Results', 'Conclusions, discussion and perspectives']",0.13333333333333333,0.0,False,exp1_boundary,boundary_cut
d7b60abb0091246e29d1a9c28467de598e090c20,1706.01875,What was the baseline?,"stochastic gradient descent, naive bayes, decision tree",I don't know.,"['1706.01875_5_0', '1706.01875_4_0', '1706.01875_0_0']","['Measurements', 'Classifier evaluation', 'Introduction']",0.5,0.0,True,exp1_boundary,clean
3b995a7358cefb271b986e8fc6efe807f25d60dc,1908.07218,What types of word representations are they evaluating?,GloVE; SGNS,I don't know.,"['1908.07218_6_0', '1908.07218_2_0', '1908.07218_5_1']","['Accurate Analogy', 'Lexicon', 'Analogical Word Pairs']",0.0,0.0,True,exp1_boundary,clean
500a8ec1c56502529d6e59ba6424331f797f31f0,1706.06894,How many tweets did they collect?,700 ,"They collected 1 million random tweets for each of two different periods of 20 consecutive days, resulting in a total of 2 million tweets. However, they only used one of these sets, which corresponds to the period between August 18 and September 6, 2015, and filtered it to 700 tweets.","['1706.06894_1_0', '1706.06894_0_1', '1706.06894_2_0']","['A Stance Detection Data Set', 'Introduction', 'Stance Detection Experiments Using SVM Classifiers']",0.0,0.0,False,exp1_boundary,boundary_cut
d353a6bbdc66be9298494d0c853e0d8d752dec4b,2004.04435,How is correctness of automatic derivation proved?,"empirically compare automatic differentiation (AD, our implementation based on Clad) and numerical differentiation (ND, based on finite difference method)",I don't know.,"['2004.04435_3_0', '2004.04435_6_0', '2004.04435_4_0']","['Background ::: AD Implementations', 'Results ::: Accuracy', 'Architecture and Implementation']",0.5,0.0,True,exp1_boundary,clean
d6e353e0231d09fd5dcba493544d53706f3fe1ab,1912.01852,How is the quality of singing voice measured?,"To compare the conversions between USVC and PitchNet, we employed an automatic evaluation score and a human evaluation score.",The quality of the converted singing voice is measured using Mean Opinion Score (MOS) with two questions: (1) what is the quality of the audio? (naturalness) and (2) how well does the converted version match the original? (similarity).,"['1912.01852_0_0', '1912.01852_7_0', '1912.01852_2_0']","['Introduction', 'Experiments ::: Evaluation', 'Method ::: Training Loss']",0.0,0.0,False,exp1_boundary,clean
f875337f2ecd686cd7789e111174d0f14972638d,1611.02988,Which existing benchmarks did they compare to?,Affective Text Fairy Tales ISEAR,I don't know,"['1611.02988_1_0', '1611.02988_12_0', '1611.02988_9_0']","['Facebook reactions as labels', 'Discussion, conclusions and future work', 'Features']",0.5,0.0,True,exp1_boundary,clean
b66c9a4021b6c8529cac1a2b54dacd8ec79afa5f,1909.08089,What do they mean by global and local context?,"global (the whole document) local context (e.g., the section/topic)","Global context refers to the whole document, while local context refers to the specific section or topic that a sentence falls into.","['1909.08089_0_1', '1909.08089_8_0', '1909.08089_15_1']","['Introduction', 'Document Encoder', 'Results and Analysis']",0.08695652173913045,0.0,False,exp1_boundary,clean
3604c4fba0a82d7139efd5ced47612c90bd10601,2001.10179,"Is their implementation on CNN-DSA compared to GPU implementation in terms of power consumption, accuracy and speed?",no,"I don't know. The context only mentions the potential of the Super Characters method to be deployed in large scale by saving power and fast inference speed due to the wide availability of low-power CNN accelerator chips, but does not compare it to a GPU implementation.","['2001.10179_0_0', '2001.10179_5_0', '2001.10179_2_0']","['Introduction', 'Experiments ::: Design SuperCharacters Image ::: Design Option Two', 'Experiments ::: Data Exploration']",0.0,0.0,True,exp1_boundary,clean
63a1cbe66fd58ff0ead895a8bac1198c38c008aa,1912.08960,Which existing models are evaluated?,Show&Tell and LRCN1u,Show&Tell and LRCN1u models.,"['1912.08960_7_0', '1912.08960_9_0', '1912.08960_10_0']","['Experimental Setup ::: Datasets', 'Results', 'Discussions and Conclusions']",0.0,0.0,False,exp1_boundary,clean
1beb4a590fa6127a138f4ed1dd13d5d51cc96809,1610.08815,What are the network's baseline features?,The features extracted from CNN.,"The baseline features used in the experiment are word n-grams, skipgrams, and character n-grams.","['1610.08815_4_1', '1610.08815_12_0', '1610.08815_4_0']","['General CNN Framework', 'Results on Dataset 1', 'General CNN Framework']",0.0,0.0,False,exp1_boundary,clean
f17ca24b135f9fe6bb25dc5084b13e1637ec7744,1804.05918,What discourse relations does it work best/worst for?,explicit discourse relations,"The text does not explicitly state the discourse relations it works best or worst for. However, it mentions that the model improves performance on the three small classes (Comp, Cont, and Temp) and the contingency relation.","['1804.05918_0_0', '1804.05918_0_1', '1804.05918_10_0']","['Introduction', 'Introduction', 'Experimental Results']",0.0,0.0,False,exp1_boundary,boundary_cut
4bc2784be43d599000cb71d31928908250d4cef3,2002.01664,What is the GhostVLAD approach?,extension of the NetVLAD adds Ghost clusters along with the NetVLAD clusters,"GhostVLAD is an extension of the NetVLAD approach, which adds Ghost clusters along with the NetVLAD clusters to map noisy or irrelevant content into ghost clusters and are not included during the feature aggregation stage.","['2002.01664_2_0', '2002.01664_3_0', '2002.01664_0_1']","['POOLING STRATEGIES ::: NetVLAD pooling', 'POOLING STRATEGIES ::: GhostVLAD pooling', 'INTRODUCTION']",0.0,0.0,False,exp1_boundary,clean
90159e143487505ddc026f879ecd864b7f4f479e,1909.06522,How much of the ASR grapheme set is shared between languages?,Little overlap except common basic Latin alphabet and that Hindi and Marathi languages use same script.,"The character sets of the 7 languages have little overlap except that they all include the common basic Latin alphabet, and both Hindi and Marathi use the Devanagari script.","['1909.06522_10_0', '1909.06522_0_0', '1909.06522_0_1']","['Experiments ::: Data', 'Introduction', 'Introduction']",0.0,0.0,False,exp1_boundary,clean
8a0a51382d186e8d92bf7e78277a1d48958758da,1908.11546,How better is gCAS approach compared to other approaches?,"For entity  F1 in the movie, taxi and restaurant domain it results in scores of 50.86, 64, and 60.35. For success, it results it outperforms in the movie and restaurant domain with scores of 77.95 and 71.52","gCAS outperforms other methods in Entity F$_1$ in all three domains, and in Success F$_1$ in the movie and restaurant domains. It also outperforms all other models in acts prediction in terms of F$_1$ score and frame prediction.","['1908.11546_6_1', '1908.11546_6_0', '1908.11546_2_0']","['Experiments ::: Result and Error Analysis', 'Experiments ::: Result and Error Analysis', 'Methodology ::: gCAS Cell']",0.0,0.0,False,exp1_boundary,clean
cc850bc8245a7ae790e1f59014371d4f35cd46d7,1703.10344,How do they determine the exact section to use the input article?,They use a multi-class classifier to determine the section it should be cited,"The learning objective for determining the exact section to use the input article takes into account the following properties: 

1. Section-templates: account for incomplete section structure for an entity profile by constructing section templates from an entity class.
2. Overall fit: measures the overall fit of a news article to sections in the section templates.","['1703.10344_5_1', '1703.10344_6_0', '1703.10344_6_2']","['Article–Entity Placement', 'Article–Section Placement', 'Article–Section Placement']",0.03571428571428572,0.0,False,exp1_boundary,clean
45f7c03a686b68179cadb1413c5f3c1d373328bd,2004.01862,What is the CORD-19 dataset?,"which contains over 45,000 scholarly articles, including over 33,000 with full text, about COVID-19, SARS-CoV-2, and related coronaviruses","The CORD-19 dataset contains over 45,000 scholarly articles, including over 33,000 with full text, about COVID-19, SARS-CoV-2, and related coronaviruses.","['2004.01862_0_0', '2004.01862_3_0', '2004.01862_1_0']","['Introduction', 'Methods ::: Extracting Sentences Containing Radiological Findings', 'Dataset']",0.0,0.0,False,exp1_boundary,boundary_cut
c77359fb9d3ef96965a9af0396b101f82a0a9de6,1909.00105,How did they obtain the interactions?,from Food.com,"They obtained the interactions from Food.com, a website with user reviews over 18 years (2000-2018).","['1909.00105_2_0', '1909.00105_2_1', '1909.00105_3_0']","['Approach', 'Approach', 'Recipe Dataset: Food.com']",0.0,0.0,False,exp1_boundary,clean
54830abe73fef4e629a36866ceeeca10214bd2c8,1909.09551,How they utilize LDA and Gibbs sampling to evaluate ISWC and WWW publications?,"the LDA approaches to recommendation systems and given the importance of research, we have studied recent impressive articles on this subject and presented a taxonomy of recommendation systems based on LDA of the recent research we evaluated ISWC and WWW conferences articles from DBLP website and used the Gibbs sampling algorithm as an evaluation parameter",I don't know.,"['1909.09551_4_0', '1909.09551_5_0', '1909.09551_9_1']","['Topic model based on recommendation systems: Recent research ::: Topic model based on scientific paper recommendation', 'Topic model based on recommendation systems: Recent research ::: Topic model based on music and video recommendation', 'Topic model based on recommendation systems: Recent research ::: Topic model based on app recommendation']",0.5,0.0,True,exp1_boundary,clean
7aa8375cdf4690fc3b9b1799b0f5a9ec1c1736ed,1809.08731,Is ROUGE their only baseline?,no,No.,"['1809.08731_15_0', '1809.08731_11_0', '1809.08731_9_0']","['Experimental Setup', 'Results and Discussion', 'Baseline Metrics']",0.0,0.0,False,exp1_boundary,clean
55139fcfe04ce90aad407e2e5a0067a45f31e07e,1806.04511,how did the authors translate the reviews to other languages?,Using Google translation API.,I don't know. The context does not mention how the authors translated the reviews to other languages.,"['1806.04511_6_0', '1806.04511_5_0', '1806.04511_0_0']","['Discussion', 'Experimental Results', 'Introduction']",0.1111111111111111,0.0,True,exp1_boundary,clean
4d28c99750095763c81bcd5544491a0ba51d9070,1909.04002,What kind of celebrities do they obtain tweets from?,"Amitabh Bachchan, Ariana Grande, Barack Obama, Bill Gates, Donald Trump,
Ellen DeGeneres, J K Rowling, Jimmy Fallon, Justin Bieber, Kevin Durant, Kim Kardashian, Lady Gaga, LeBron James,Narendra Modi, Oprah Winfrey",15 celebrities from various domains.,"['1909.04002_0_0', '1909.04002_3_0', '1909.04002_0_1']","['Introduction', 'Problem Formulation ::: Data', 'Introduction']",0.0,0.0,False,exp1_boundary,clean
a130aa735de3b65c71f27018f20d3c068bafb826,1910.04887,How big is data provided by this research?,16k images and 740k corresponding region descriptions,"The data provided by this research includes:

- 16k images and 740k region descriptions from the Visual Genome dataset.
- 9k images and 54k referring expressions from the ReferIt dataset.
- 1.73M samples for the instance selection model.
- 300K samples for validation and testing.","['1910.04887_4_0', '1910.04887_5_0', '1910.04887_1_0']","['Methods ::: Data and Training Details', 'Results', 'Methods']",0.0,0.0,False,exp1_boundary,clean
33f72c8da22dd7d1378d004cbd8d2dcd814a5291,1804.11297,What is the metric that is measures in this paper?,error rate in a minimal pair ABX discrimination task,The metric that is measured in this paper is the ABX performance.,"['1804.11297_4_1', '1804.11297_3_0', '1804.11297_7_0']","['Sampling', 'ABnet', 'Applications to fully unsupervised setting']",0.0,0.0,False,exp1_boundary,clean
e829f008d62312357e0354a9ed3b0827c91c9401,2001.05493,Which psycholinguistic and basic linguistic features are used?,"Emotion Sensor Feature, Part of Speech, Punctuation, Sentiment Analysis, Empath, TF-IDF Emoticon features",Exploiting psycho-linguistic features with basic linguistic features as meta-data.,"['2001.05493_0_3', '2001.05493_0_0', '2001.05493_0_2']","['Introduction', 'Introduction', 'Introduction']",0.0,0.0,False,exp1_boundary,boundary_cut
8486e06c03f82ebd48c7cfbaffaa76e8b899eea5,2004.02083,How was annotation done?, hand-curated collection of complete inflection tables for 198 lemmata,I don't know.,"['2004.02083_0_0', '2004.02083_7_0', '2004.02083_4_0']","['Introduction', 'Baseline Results ::: Lemmatization', 'The Resource']",0.5,0.0,True,exp1_boundary,clean
7aab78e90ba1336950a2b0534cc0cb214b96b4fd,1804.06506,How are the auxiliary signals from the morphology table incorporated in the decoder?,an additional morphology table including target-side affixes. We inject the decoder with morphological properties of the target language.,"The auxiliary signals from the morphology table are incorporated in the decoder through an attention module that retrieves useful affixes from the morphology table and concatenates them to the last layer, providing the decoder with explicit morphological information.","['1804.06506_5_0', '1804.06506_8_2', '1804.06506_4_0']","['Combining the Extended Output Layer and the Embedded Morphology Table', 'Experimental Results', 'The Auxiliary Output Channel']",0.0,0.0,False,exp1_boundary,clean
521a7042b6308e721a7c8046be5084bc5e8ca246,1810.13024,What is a confusion network or lattice?,"graph-like structures where arcs connect nodes representing multiple hypothesized words, thus allowing multiple incoming arcs unlike 1-best sequences",A confusion network or lattice is a graph-like structure where arcs connected by nodes represent hypothesised words.,"['1810.13024_3_1', '1810.13024_2_0', '1810.13024_2_2']","['Experiments', 'Confusion Network and Lattice Extensions', 'Confusion Network and Lattice Extensions']",0.1111111111111111,0.0,False,exp1_boundary,clean
b6ffa18d49e188c454188669987b0a4807ca3018,1906.11180,What is the reasoning method that is used?,SPARQL,SPARQL queries and reasoning.,"['1906.11180_4_0', '1906.11180_2_0', '1906.11180_1_0']","['Sampling and Training', 'Technical Framework', 'Problem Statement']",0.0,0.0,False,exp1_boundary,boundary_cut
5bb3c27606c59d73fd6944ba7382096de4fa58d8,1912.13337,Do they focus on Reading Comprehension or multiple choice question answering?,MULTIPLE CHOICE QUESTION ANSWERING,They focus on multiple choice question answering.,"['1912.13337_0_0', '1912.13337_16_0', '1912.13337_12_1']","['Introduction', 'Results and Findings ::: Are our Probes Sufficiently Challenging?', 'Probing Methodology and Modeling ::: Task Definition and Modeling ::: Baselines and Sanity Checks.']",0.0,0.0,False,exp1_boundary,clean
ee9b95d773e060dced08705db8d79a0a6ef353da,1909.00183,How are content clusters used to improve the prediction of incident severity?,they are used as additional features in a supervised classification task,Content clusters are used to enhance the performance of a supervised classifier in predicting the degree of harm of an incident based only on free-text descriptions.,"['1909.00183_15_0', '1909.00183_0_1', '1909.00183_0_0']","['Discussion', 'Introduction', 'Introduction']",0.07407407407407407,0.0,False,exp1_boundary,clean
729694a9fe1e05d329b7a4078a596fe606bc5a95,1904.10503,What results do they achieve using their proposed approach?,"F-1 score on the OntoNotes is 88%, and it is 53% on Wiki (gold).",I don't know. The results of their proposed approach are not mentioned in the provided context.,"['1904.10503_0_0', '1904.10503_5_1', '1904.10503_2_0']","['Introduction', 'Entity Linking using Wikidata', 'Evaluation Metrics']",0.11764705882352941,0.0,True,exp1_boundary,clean
182c7919329bc5678cf0c79687a66c0f7782577e,1707.07922,How does the model recognize entities and their relation to answers at inference time when answers are not accessible?,gating function Dynamic Memory,I don't know.,"['1707.07922_0_0', '1707.07922_5_0', '1707.07922_3_0']","['Introduction', 'Analysis', 'Proposed Model']",0.5,0.0,True,exp1_boundary,boundary_cut
9f5507a8c835c4671020d7d310fff2930d44e75a,1805.04570,What languages are explored?,"Danish/Swedish (da/sv), Russian/Bulgarian (ru/bg), Finnish/Hungarian (fi/hu), Spanish/Portuguese (es/pt)",,"['1805.04570_0_0', '1805.04570_14_0', '1805.04570_16_0']","['Introduction', 'Main Results', 'Related Work']",0.0,1.0,False,exp1_boundary,clean
26c290584c97e22b25035f5458625944db181552,1909.06937,What is the size of their dataset?,"10,001 utterances",I don't know.,"['1909.06937_1_0', '1909.06937_6_0', '1909.06937_7_0']","['Background', 'CM-Net ::: CM-block ::: Deliberate Attention', 'CM-Net ::: CM-block ::: Local Calculation']",0.0,0.0,True,exp1_boundary,clean
869aaf397c9b4da7ab52d6dd0961887ae08da9ae,1909.09270,Which languages are evaluated?,"Bengali English, German, Spanish, Dutch Amharic Arabic Hindi Somali ","Dutch, Arabic, Hindi, and Bengali.","['1909.09270_21_0', '1909.09270_5_0', '1909.09270_18_0']","['Bengali Case Study ::: Non-speaker Annotations', 'Constrained Binary Learning ::: NER with CBL ::: Constraints and Stopping Condition', 'Experiments ::: Analysis']",0.0,0.0,False,exp1_boundary,clean
cf15c4652e23829d8fb4cf2a25e64408c18734c1,1811.11365,Why is this work different from text-only UNMT?,"the image can play the role of a pivot “language"" to bridge the two languages without paralleled corpus","This work is different from text-only UNMT because it shows that images can serve as additional information in the training process, guiding the model to converge to a better local optimal point, and that images can help align different languages with similar meanings, even when not available during inferencing.","['1811.11365_12_1', '1811.11365_12_0', '1811.11365_3_0']","['Analysis', 'Analysis', 'Neural Machine Translation']",0.039999999999999994,0.0,False,exp1_boundary,boundary_cut
a81941f933907e4eb848f8aa896c78c1157bff20,1711.03438,"Can the model add new relations to the knowledge graph, or just new entities?",The model does not add new relations to the knowledge graph.,,"['1711.03438_0_1', '1711.03438_0_0', '1711.03438_0_2']","['Introduction', 'Introduction', 'Introduction']",0.0,1.0,False,exp1_boundary,clean
2a6003a74d051d0ebbe62e8883533a5f5e55078b,1702.03342,which neural embedding model works better?,the CRX model,I don't know. The provided context does not compare the performance of the different neural embedding models.,"['1702.03342_1_0', '1702.03342_3_0', '1702.03342_0_1']","['Related Work', 'Concept Raw Context Model (CRC)', 'Introduction']",0.0,0.0,True,exp1_boundary,clean
c348a8c06e20d5dee07443e962b763073f490079,1706.04815,What two components are included in their proposed framework?,evidence extraction and answer synthesis,The two components included in their proposed framework are evidence extraction model and answer synthesis model.,"['1706.04815_11_0', '1706.04815_10_0', '1706.04815_0_0']","['Discussion', 'Result', 'Introduction']",0.0,0.0,False,exp1_boundary,boundary_cut
fd8e23947095fe2230ffe1a478945829b09c8c95,1811.00147,How are meaningful chains in the graph selected?,utilize the machinery of language modeling using deep neural networks to learn Dolores embeddings.,I don't know.,"['1811.00147_9_0', '1811.00147_8_0', '1811.00147_3_1']","['Error Analysis', 'Evaluation Tasks', 'Preliminaries']",0.5,0.0,True,exp1_boundary,boundary_cut
2e6b7afaf14871ed6db674782b93709910020b06,1712.00609,How much better performing is the proposed method over the baselines?,"original models were better in some tasks (CR, MPQA, MRPC) utilizing self-attentive sentence representation further improves performances in 5 out of 8 tasks",I don't know. The provided context does not mention the performance comparison between the proposed method and the baselines.,"['1712.00609_1_0', '1712.00609_0_0', '1712.00609_5_0']","['Related Work', 'Introduction', 'Visual Grounding with Self-Attention']",0.1,0.0,True,exp1_boundary,clean
b974523a6cbd3cdc1fa924243ccc9711bbc7070d,1810.10797,How often are the newspaper websites crawled daily?,RSS feeds in French on a daily basis,I don't know.,"['1810.10797_0_0', '1810.10797_2_0', '1810.10797_3_0']","['Introduction: New Words, NLP and the Logoscope', 'New Words are Collected in Three Stages', 'Stage 1: Detection of Unknown Words']",0.5,0.0,True,exp1_boundary,clean
6b4de7fef3a543215f16042ce6a29186bf84fea4,1911.02821,What pre-trained models did they compare to?,"BERT, ERNIE, and BERT-wwm","ERINE, SPM, BERT.","['1911.02821_2_0', '1911.02821_2_1', '1911.02821_5_0']","['Methodology ::: Word-aligned Attention', 'Methodology ::: Word-aligned Attention', 'Experiments ::: Experiment Results']",0.0,0.0,False,exp1_boundary,clean
5f2bade0881c719ab026bc2e2962e2ada96cdb25,1907.04433,Do they experiment with the toolkits?,yes,I don't know.,"['1907.04433_0_0', '1907.04433_4_0', '1907.04433_5_0']","['Introduction', 'Leveraging the MXNet Ecosystem', 'Requirement, Availability, and Community']",0.0,0.0,True,exp1_boundary,clean
1d9b953a324fe0cfbe8e59dcff7a44a2f93c568d,2002.00876,Does API provide ability to connect to models written in some other deep learning framework?,yes,I don't know.,"['2002.00876_0_0', '2002.00876_2_0', '2002.00876_3_0']","['Introduction', 'Motivating Case Study', 'Library Design']",0.0,0.0,True,exp1_boundary,clean
479fc9e6d6d80e69f425d9e82e618e6b7cd12764,1806.04535,What are the categories of code-mixed puns?,intra-sequential and intra-word,Intra-sentential and intra-word.,"['1806.04535_1_0', '1806.04535_0_0', '1806.04535_4_0']","['Puns', 'Introduction', 'Classification']",0.0,0.0,False,exp1_boundary,boundary_cut
cdf1bf4b202576c39e063921f6b63dc9e4d6b1ff,1703.02507,What metric is used to measure performance?,"Accuracy and F1 score for supervised tasks, Pearson's and Spearman's correlation for unsupervised tasks",,"['1703.02507_11_1', '1703.02507_13_0', '1703.02507_11_0']","['Results and Discussion', 'L1 regularization of models', 'Results and Discussion']",0.0,1.0,False,exp1_boundary,boundary_cut
cc5d3903913fa2e841f900372ec74b0efd5e0c71,1909.08167,Which sentiment analysis tasks are addressed?,12 binary-class classification and multi-class classification of reviews based on rating,"12 binary-class cross-domain sentiment analysis tasks are addressed: B$\rightarrow $D, B$\rightarrow $E, B$\rightarrow $K, D$\rightarrow $B, D$\rightarrow $E, D$\rightarrow $K, E$\rightarrow $B, E$\rightarrow $D, E$\rightarrow $K, K$\rightarrow $B, K$\rightarrow $D, K$\rightarrow $E.","['1909.08167_0_0', '1909.08167_0_1', '1909.08167_10_0']","['Introduction', 'Introduction', 'Experiment ::: Dataset and Task Design ::: Binary-Class.']",0.06060606060606061,0.0,False,exp1_boundary,clean
af7a9b56596f90c84f962098f7e836309161badf,2004.01894,How big is vSTS training data?,1338 pairs for training,I don't know. The context does not mention the size of the vSTS training data.,"['2004.01894_8_0', '2004.01894_2_0', '2004.01894_17_0']","['Evaluation of Representation Models', 'The Visual STS Dataset', 'Conclusions and Future Work']",0.125,0.0,True,exp1_boundary,clean
0ec56e15005a627d0b478a67fd627a9d85c3920e,1806.03125,What can word subspace represent?,"Word vectors, usually in the context of others within the same class",A word subspace can effectively and compactly represent the context of the corresponding text.,"['1806.03125_0_1', '1806.03125_11_0', '1806.03125_4_0']","['Introduction', 'Conclusions and Future Work', 'Word subspace']",0.13333333333333333,0.0,False,exp1_boundary,boundary_cut
d7d41a1b8bbb1baece89b28962d23ee4457b9c3a,1805.12070,What languages are explored in the work?,Mandarin English,Mandarin and English.,"['1805.12070_0_0', '1805.12070_5_0', '1805.12070_4_0']","['Introduction', 'Experimental Setup', 'Model Description']",0.0,0.0,False,exp1_boundary,clean
96a4091f681872e6d98d0efee777d9e820cb8dae,1910.12574,What biases does their model capture?,Data annotation biases where tweet containing disrespectful words are annotated as hate or offensive without any presumption about the social context of tweeters,"The model captures biases from data collection and rules of annotation, such as geographic restriction (United States of America) and language (African American Vernacular English).","['1910.12574_8_0', '1910.12574_8_1', '1910.12574_3_0']","['Experiments and Results ::: Error Analysis', 'Experiments and Results ::: Error Analysis', 'Methodology ::: Fine-Tuning Strategies']",0.0,0.0,False,exp1_boundary,boundary_cut
1405824a6845082eae0458c94c4affd7456ad0f7,1811.11136,Was the introduced LSTM+CNN model trained on annotated data in a supervised fashion?,yes,,"['1811.11136_3_0', '1811.11136_1_0', '1811.11136_2_0']","['Related Work', 'Our Proposed Methodology', 'Datasets and Experimental Results']",0.0,0.0,False,exp1_boundary,clean
3c16d4cf5dc23223980d9c0f924cb9e4e6943f13,1908.06725,How do they select answer candidates for their QA task?,AMS method.,They put the two candidate paragraphs as candidate answers.,"['1908.06725_9_0', '1908.06725_0_0', '1908.06725_11_0']","['Winograd Schema Challenge', 'Introduction', 'Pre-training Strategy']",0.0,0.0,False,exp1_boundary,clean
76405b76b930a5bbe895e9e96ce4a3cff1b0b1a1,2002.05104,What components are identified as core components for training VQA models?,pre-trained text representations transformer-based encoders together with GRU models attention mechanisms are paramount for learning top performing networks Top-Down is the preferred attention method,"The core components identified for training VQA models are: 

1. Image encoder 
2. Question representation 
3. Fusion and attention strategies","['2002.05104_11_0', '2002.05104_0_1', '2002.05104_8_0']","['Experimental Analysis ::: Attention Mechanism ::: Top-Down Attention', 'Introduction', 'Experimental Analysis ::: Image Encoder']",0.0,0.0,False,exp1_boundary,clean
5c4a2a3d6e02bcbeae784e439441524535916e85,1805.07513,Do they compare with the MAML algorithm?,no,I don't know.,"['1805.07513_2_4', '1805.07513_9_0', '1805.07513_2_0']","['Robust Task Clustering by Matrix Completion', 'Analysis', 'Robust Task Clustering by Matrix Completion']",0.0,0.0,True,exp1_boundary,clean
ca4b66ffa4581f9491442dcec78ca556253c8146,1905.08949,Do they survey visual question generation work?,yes,"Yes, they survey visual question generation work, specifically categorizing it into grounded- and open-ended VQG.","['1905.08949_16_0', '1905.08949_0_0', '1905.08949_17_0']","['Wider Input Modalities', 'Introduction', 'Generation of Deep Questions']",0.0,0.0,False,exp1_boundary,boundary_cut
be7f52c4f2bad20e728785a357c383853d885d94,1904.01608,What is the size of ACL-ARC datasets?,"includes 1,941 citation instances from 186 papers",I don't know.,"['1904.01608_14_0', '1904.01608_8_0', '1904.01608_10_0']","['Acknowledgments', 'Implementation', 'Results']",0.5,0.0,True,exp1_boundary,clean
9e391c8325b48f6119ca4f3d428b1b2b037f5c13,1909.05017,Why did they choose WER as evaluation metric?,WER can reflect our model's effectiveness in generating questions that are similar to those of SQuAD WER can be used for initial analyses,,"['1909.05017_4_0', '1909.05017_4_1', '1909.05017_4_2']","['Results and Discussion', 'Results and Discussion', 'Results and Discussion']",0.0,1.0,False,exp1_boundary,clean
a8e4522ce2ce7336e731286654d6ad0931927a4e,1910.02754,What is result of their Principal Component Analysis?,existing visual features aren't sufficient enough to expect benefits from the visual modality in NMT,"Most of the energy of the visual feature space resides in a low-dimensional subspace, indicating that a few directions disproportionately explain the variance.","['1910.02754_8_0', '1910.02754_0_0', '1910.02754_5_0']","['Results and Analysis ::: Discussion ::: PCA of Visual Features', 'Introduction', 'Results and Analysis']",0.08333333333333333,0.0,False,exp1_boundary,clean
7eb3852677e9d1fb25327ba014d2ed292184210c,2002.11268,How is the training data collected?,"from YouTube videos, with associated transcripts obtained from semi-supervised caption filtering from a Voice Search service","The training data is collected from YouTube and Voice Search. For YouTube, the training set consists of 120M utterances. For Voice Search, the training set consists of 21M utterances.","['2002.11268_12_0', '2002.11268_10_0', '2002.11268_13_0']","['Fine-tuning a YouTube-trained RNN-T using limited Voice Search audio data', 'Cross-domain evaluation: YouTube-trained RNN-T @!START@$\\rightarrow $@!END@ Voice Search ::: RNN-T and RNN-LM model settings', 'Discussion']",0.0,0.0,False,exp1_boundary,clean
f01aa192d97fa3cc36b6e316355dc5da0e9b97dc,1609.00081,What are the baselines model?,(i) Uniform (ii) SVR+W (iii) SVR+O (iv) C4.5SSL (v) GLM,"The baselines models are: 
(i) Uniform: assign 3 to all the references assuming equal intensity, 
(ii) SVR+W: recently proposed Support Vector Regression (SVR) with the feature set mentioned in BIBREF4, 
(iii) SVR+O: SVR model with our feature set, 
(iv) C4.5SSL: C4.5 semi-supervised algorithm with our feature set BIBREF23, 
(v) GLM: the traditional graph-based LP model with our feature set BIBREF9.","['1609.00081_7_0', '1609.00081_5_2', '1609.00081_5_0']","['Experimental Results', 'Features for Learning Model', 'Features for Learning Model']",0.03278688524590164,0.0,False,exp1_boundary,clean
010e3793eb1342225857d3f95e147d8f8467192a,2001.02943,What are the sizes of both datasets?,"The Dutch section consists of 2,333,816 sentences and 53,487,257 words. The SONAR500 corpus consists of more than 500 million words obtained from different domains.","The Europarl dataset consists of 103,871 sentences, and the SoNaR dataset consists of 1,269,091 sentences.","['2001.02943_10_1', '2001.02943_10_0', '2001.02943_3_0']","['Discussion', 'Discussion', 'Preprocessing']",0.0,0.0,False,exp1_boundary,clean
1c68d18b4b65c4d75dc199d2043079490f6310f8,1912.09152,What are the two PharmaCoNER subtasks?,Entity identification with offset mapping and concept indexing,"The two PharmaCoNER subtasks are:

1. Subtask 1: Identifying entities with offsets and mapping them to a predefined set of four classes (PROTEINAS, NORMALIZABLES, NO_NORMALIZABLES, and UNCLEAR).
2. Subtask 2: Providing a list of all SNOMED CT IDs (sctid) for entities occurring in the text, also known as concept indexing.","['1912.09152_6_0', '1912.09152_2_0', '1912.09152_0_1']","['Results', 'Resource building ::: SNOMED CT', 'Introduction']",0.0392156862745098,0.0,False,exp1_boundary,clean
372fbf2d120ca7a101f70d226057f9639bf1f9f2,1802.05574,What is the role of crowd-sourcing?,"Crowd workers were asked to mark whether a triple was correct, namely, did the triple reflect the consequence of the sentence.","The role of crowd-sourcing in this context is to annotate the triples extracted by OIE systems, specifically to mark whether a triple is correct or not, by determining if it reflects the consequence of the sentence.","['1802.05574_4_0', '1802.05574_4_1', '1802.05574_11_0']","['Annotation Process', 'Annotation Process', 'Conclusion']",0.05405405405405406,0.0,False,exp1_boundary,clean
c8b9b962e4d40c50150b2f8873a4004f25398464,1909.09268,What are the three limitations?,"High scores to semantically opposite translations/summaries, Low scores to semantically related translations/summaries and High scores to unintelligible translations/summaries.",I don't know.,"['1909.09268_1_0', '1909.09268_8_0', '1909.09268_10_0']","['Related Work ::: BLEU, ROUGE and n-gram matching approaches', 'Challenges with BLEU and ROUGE ::: Experiments ::: Experiments with carefully crafted sentences', 'Towards a robust data-driven approach ::: Metric Scorecard']",0.5,0.0,True,exp1_boundary,clean
5e41516a27c587aa2f80dba8cf4c3f616174099b,1908.05763,How does their perturbation algorihm work?,same sentences after applying character level perturbations,,"['1908.05763_7_0', '1908.05763_0_0', '1908.05763_2_0']","['Perturbation Study ::: Discussion', 'Introduction', 'Collision Study']",0.0,1.0,False,exp1_boundary,clean
e8e6986365f899dead0768ecf7b1eca8a2699f2f,1907.11062,Is there any ethical consideration in the research?,no,"Yes, ethics and fairness are important considerations in the research, and detection of individual and global bias should be prioritized to give useful feedbacks to practitioners.","['1907.11062_13_0', '1907.11062_12_0', '1907.11062_6_0']","['Conclusion and future directions', 'Attention visualization', 'Dataset']",0.0,0.0,False,exp1_boundary,boundary_cut
1e185a3b8cac1da939427b55bf1ba7e768c5dae4,1910.07601,What classification baselines are used for comparison?,VAE,The VAE baseline and the CJFS baseline are used for comparison.,"['1910.07601_11_0', '1910.07601_8_0', '1910.07601_9_0']","['Results and Discussion', 'Experimental Framework ::: Baselines', 'Experimental Framework ::: Evaluation Tasks']",0.0,0.0,False,exp1_boundary,clean
a616a3f0d244368ec588f04dfbc37d77fda01b4c,2003.04866,What are the 12 languages covered?,"Chinese Mandarin, Welsh, English, Estonian, Finnish, French, Hebrew, Polish, Russian, Spanish, Kiswahili, Yue Chinese","English and 11 other languages, but the specific 11 languages are not explicitly listed in the provided context. However, according to Table TABREF10, the 11 languages are: 

1. Chinese
2. Spanish
3. German
4. French
5. Russian
6. Italian
7. Dutch
8. Portuguese
9. Swedish
10. Arabic
11. Farsi
12. Welsh and Kiswahili are also mentioned as part of the project, but it seems they are not among the 11 languages initially covered.","['2003.04866_4_1', '2003.04866_6_0', '2003.04866_17_2']","['Previous Work and Evaluation Data', 'Multi-SimLex: Translation and Annotation', 'Cross-Lingual Evaluation ::: Results and Discussion']",0.0,0.0,False,exp1_boundary,clean
e37c32fce68759b2272adc1e44ea91c1a7c47059,1909.08306,What dierse domains and languages are present in new datasets?,movies  restaurants English  Korean,"Movies and restaurants, and English and Korean.","['1909.08306_2_0', '1909.08306_0_1', '1909.08306_1_0']","['Cross Length Transfer ::: Benchmark Datasets', 'Introduction', 'Cross Length Transfer']",0.0,0.0,False,exp1_boundary,clean
a9337636b52de375c852682a2561af2c1db5ec63,1801.02073,Do they employ their indexing-based method to create a sample of a QA Wikipedia dataset?,yes,,"['1801.02073_3_0', '1801.02073_1_0', '1801.02073_0_0']","['Answer Retrieval', 'Intrinsic Analysis', 'Introduction']",0.0,0.0,False,exp1_boundary,clean
decb07f9be715de024236e50dc7011a132363480,1610.01030,What exactly is new about this stochastic gradient descent algorithm?,"CNN model can be trained in a purely online setting. We first initialize the model parameters $\theta _0$ (line 1), which can be a trained model from other disaster events or it can be initialized randomly to start from scratch.

As a new batch of labeled tweets $B_t= \lbrace \mathbf {s}_1 \ldots \mathbf {s}_n \rbrace $ arrives, we first compute the log-loss (cross entropy) in Equation 11 for $B_t$ with respect to the current parameters $\theta _t$ (line 2a). Then, we use backpropagation to compute the gradients $f^{\prime }(\theta _{t})$ of the loss with respect to the current parameters (line 2b). Finally, we update the parameters with the learning rate $\eta _t$ and the mean of the gradients (line 2c). We take the mean of the gradients to deal with minibatches of different sizes. Notice that we take only the current minibatch into account to get an updated model. ","This stochastic gradient descent algorithm is new in that it takes the mean of the gradients to deal with minibatches of different sizes, and it only updates the model with the current minibatch, making it suitable for online learning.","['1610.01030_3_0', '1610.01030_2_2', '1610.01030_2_0']","['Online Learning', 'Convolutional Neural Network', 'Convolutional Neural Network']",0.0,0.0,False,exp1_boundary,clean
69a7a6675c59a4c5fb70006523b9fe0f01ca415c,1811.01399,Which knowledge graph completion tasks do they experiment with?,link prediction  triplet classification,Two KG completion tasks.,"['1811.01399_0_0', '1811.01399_2_0', '1811.01399_0_1']","['Introduction', 'Inductive Embedding Models', 'Introduction']",0.0,0.0,False,exp1_boundary,clean
dd155f01f6f4a14f9d25afc97504aefdc6d29c13,1811.00942,What aspects have been compared between various language models?,"Quality measures using perplexity and recall, and performance measured using latency and energy usage.",,"['1811.00942_5_0', '1811.00942_0_0', '1811.00942_1_0']","['Results and Discussion', 'Introduction', 'Background and Related Work']",0.0,1.0,False,exp1_boundary,clean
2870fbce43a3cf6daf982f720137c008b30c60dc,1908.08593,What handcrafter features-of-interest are used?,nouns verbs pronouns subjects objects negation words special BERT tokens,I don't know.,"['1908.08593_15_0', '1908.08593_2_0', '1908.08593_6_0']","['Experiments ::: Disabling self-attention heads ::: Results', 'Methodology', 'Experiments ::: Relation-specific heads in BERT']",0.5,0.0,True,exp1_boundary,clean
6d0f2cce46bc962c6527f7b4a77721799f2455c6,1608.02195,Do changes in policies of the political actors account for all of the mistakes the model made?,yes,"No. The text states that the mistakes the model makes can be associated with changes in the party policy, but it does not say that changes in policies account for all of the mistakes.","['1608.02195_10_1', '1608.02195_15_0', '1608.02195_10_0']","['Predicting political party affiliation', 'Conclusions, Limitations and Outlook', 'Predicting political party affiliation']",0.0,0.0,False,exp1_boundary,boundary_cut
16f33de90b76975a99572e0684632d5aedbd957c,1907.11907,Which dataset do they use?,"a reference corpus of 21,093 tokens and their correct lemmas",,"['1907.11907_5_0', '1907.11907_5_1', '1907.11907_4_0']","['Evaluation', 'Evaluation', 'System Description']",0.0,1.0,False,exp1_boundary,clean
c84590ba32df470a7c5343d8b99e541b217f10cf,1908.06083,What datasets are used?,The Wikipedia Toxic Comments dataset,"The datasets mentioned are:

1. A dataset of over 24,000 tweets labeled as containing hate speech, offensive language, or neither.
2. The TRAC shared task on Aggression Identification, a dataset of over 15,000 Facebook comments labeled with varying levels of aggression.
3. The Wikipedia Toxic Comments dataset (collected from Wikipedia Talk pages) featured in a Kaggle competition.","['1908.06083_1_0', '1908.06083_17_0', '1908.06083_27_0']","['Related Work', 'Single-Turn Task ::: Experimental Results ::: Break it Phase', 'Data Collection Interface Details']",0.034482758620689655,0.0,False,exp1_boundary,clean
981fd79dd69581659cb1d4e2b29178e82681eb4d,1706.00139,What is the difference of the proposed model with a standard RNN encoder-decoder?,"Introduce a ""Refinement Adjustment LSTM-based component"" to the decoder","The proposed model differs from a standard RNN encoder-decoder in that it introduces a Refinement Adjustment LSTM-based component (RALSTM) to the decoder side, which includes a Refinement cell, a traditional LSTM cell, and an Adjustment cell. This allows for better selection, aggregation, and control of semantic information.","['1706.00139_1_0', '1706.00139_0_0', '1706.00139_5_0']","['Related Work', 'Introduction', 'RALSTM Decoder']",0.04166666666666667,0.0,False,exp1_boundary,boundary_cut
a02696d4ab728ddd591f84a352df9375faf7d1b4,1605.07683,How large is the Dialog State Tracking Dataset?,"1,618 training dialogs, 500 validation dialogs, and 1,117 test dialogs",I don't know.,"['1605.07683_2_0', '1605.07683_4_0']","['Goal-Oriented Dialog Tasks', 'Acknowledgments']",0.5,0.0,True,exp1_boundary,clean
10210d5c31dc937e765051ee066b971b6f04d3af,1905.10044,what is the size of BoolQ dataset?, 16k questions,,"['1905.10044_13_0', '1905.10044_3_0', '1905.10044_8_0']","['Transfer Learning Results', 'Data Collection', 'Discussion']",0.0,1.0,False,exp1_boundary,clean
aecb485ea7d501094e50ad022ade4f0c93088d80,1702.06378,Can SCRF be used to pretrain the model?,no,I don't know.,"['1702.06378_1_0', '1702.06378_1_1', '1702.06378_8_0']","['Segmental Conditional Random Fields', 'Segmental Conditional Random Fields', 'Multitask Learning Results']",0.0,0.0,True,exp1_boundary,clean
225a567eeb2698a9d3f1024a8b270313a6d15f82,1605.04655,what were the baselines?,RNN model CNN model  RNN-CNN model attn1511 model Deep Averaging Network model avg mean of word embeddings in the sentence with projection matrix,"The baselines were the current state-of-art ensemble of hand-crafted syntactic and frame-semantic features, the Attentive Reader, the Neural Reasoner, and the HABCNN model family.","['1605.04655_2_0', '1605.04655_13_0', '1605.04655_10_0']","['Argus Dataset', 'Acknowledgments', 'Evaluation']",0.0,0.0,False,exp1_boundary,clean
955ca31999309685c1daa5cb03867971ca99ec52,1606.08140,What datasets are used to evaluate the model?,"WN18, FB15k",,"['1606.08140_0_0', '1606.08140_4_0', '1606.08140_5_0']","['Introduction', 'Task and evaluation protocol', 'Main results']",0.0,1.0,False,exp1_boundary,clean
6a31bd676054222faf46229fc1d283322478a020,1905.10810,How is PIEWi annotated?,"[error, correction] pairs","PlEWi is annotated with error type annotations, allowing the selection of only non-word errors for evaluation.","['1905.10810_0_0', '1905.10810_1_0', '1905.10810_5_0']","['Introduction', 'Problems of spelling correction for Polish', 'Experimental setup']",0.0,0.0,False,exp1_boundary,clean
d5ff8fc4d3996db2c96cb8af5a6d215484991e62,1912.09713,What are results of comparison between novel method to other approaches for creating compositional generalization benchmarks?,The MCD splits achieve a significantly higher compound divergence at a similar atom divergence when compared to the other experiments,Table TABREF18 compares the compound divergence $\mathcal {D}_C$ and atom divergence $\mathcal {D}_A$ of three MCD splits to a random split baseline as well as to several previously suggested compositionality experiments for both CFQ and the existing scan dataset.,"['1912.09713_0_0', '1912.09713_6_0', '1912.09713_2_0']","['Introduction', 'Compositionality Experiments for CFQ and scan', 'Distribution-Based Compositionality Assessment (DBCA) ::: Principles for measuring compositionality']",0.05,0.0,False,exp1_boundary,clean
c515269b37cc186f6f82ab9ada5d9ca176335ded,1909.02635,What evidence do they present that the model attends to shallow context clues?,Using model gradients with respect to input features they presented that the most important model inputs are verbs associated with entities which shows that the model attends to shallow context clues,,"['1909.02635_5_0', '1909.02635_1_0', '1909.02635_0_0']","['Studying Basic Transformer Representations for Entity Tracking ::: Results and Observations', 'Background: Process Understanding', 'Introduction']",0.0,1.0,False,exp1_boundary,clean
73e715e485942859e1db75bfb5f35f1d5eb79d2e,1703.08885,How can a neural model be used for a retrieval if the input is the entire Wikipedia?,"Using the answer labels in the training set, we can find appropriate articles that include the information requested in the question.",I don't know.,"['1703.08885_2_0', '1703.08885_6_0', '1703.08885_0_0']","['Comprehension Model', 'Learning Model (R2)', 'Introduction']",0.5,0.0,True,exp1_boundary,clean
0be0c8106df5fde4b544af766ec3d4a3d7a6c8a2,1711.06288,Is there any human evaluation involved in evaluating this famework?,yes,"Yes, there are two human evaluations involved in evaluating this framework.","['1711.06288_7_0', '1711.06288_8_0', '1711.06288_6_0']","['Experiments on ReferIt', 'Experiments on Oxford-102 Flower Dataset', 'Experiments on CoSaL']",0.0,0.0,False,exp1_boundary,boundary_cut
059acc270062921ad27ee40a77fd50de6f02840a,1702.03274,Do the authors test on datasets other than bAbl?,no,I don't know.,"['1702.03274_3_0', '1702.03274_3_2', '1702.03274_4_0']","['Supervised learning evaluation I', 'Supervised learning evaluation I', 'Supervised learning evaluation II']",0.0,0.0,True,exp1_boundary,clean
8fa7011e7beaa9fb4083bf7dd75d1216f9c7b2eb,1704.04539,Do the authors test their annotation projection techniques on tasks other than AMR?,no,"Yes, the authors mention that the annotation projection method has been used for tasks other than AMR, such as POS tagging, base noun phrase bracketing, NER tagging, inflectional morphological analysis, dependency parsing, role labeling, and semantic parsing.","['1704.04539_2_0', '1704.04539_5_0', '1704.04539_8_0']","['Method 1: Annotation Projection', 'Experiments', 'Related Work']",0.0,0.0,False,exp1_boundary,clean
2480dfe2d996afef840a81bd920aeb9c26e5b31d,1911.08829,What compleentary PIE extraction methods are used to increase reliability further?,exact string matching inflectional string matching,,"['1911.08829_27_0', '1911.08829_28_2', '1911.08829_25_0']","['Dictionary-based PIE Extraction ::: Results', 'Dictionary-based PIE Extraction ::: Analysis', 'Dictionary-based PIE Extraction ::: Parser-Based Extraction Methods']",0.0,1.0,False,exp1_boundary,clean
e2b0cd30cf56a4b13f96426489367024310c3a05,2001.07786,How is evaluation performed?,As the metric to assess how well the model's output fits the gold ranking Spearman's $\rho $ was used,"The evaluation is performed in terms of the predictions made by the models in the analysis phase, and the parameters can be tuned further.","['2001.07786_1_0', '2001.07786_19_0', '2001.07786_19_1']","['Task', 'Results and Discussion', 'Results and Discussion']",0.0,0.0,False,exp1_boundary,clean
5d83b073635f5fd8cd1bdb1895d3f13406583fbd,1909.08859,What are previously reported models?,Hasty Student Impatient Reader BiDAF BiDAF w/ static memory,"Previous models include a dynamic memory based network (BIBREF21), a memory augmented model (BIBREF22), a model utilizing pairwise relations between attended memories (BIBREF23), a model compiling supporting memories in tracking dialogue state (BIBREF24), a model using coreference annotations for reading comprehension tasks (BIBREF26), a language model incorporating entities (BIBREF27), a neural model predicting state changes of ingredients (BIBREF0), an entity-aware model tracking entity states (BIBREF1), a model incorporating hard and soft constraints (BIBREF3), and a model exploiting label consistency (BIBREF4).","['1909.08859_4_0', '1909.08859_13_0', '1909.08859_0_0']","['Procedural Reasoning Networks ::: Reasoning Module', 'Related Work', 'Introduction']",0.02469135802469136,0.0,False,exp1_boundary,clean
09f0dce416a1e40cc6a24a8b42a802747d2c9363,1810.04528,Which word embeddings are analysed?,Continuous Bag-of-Words (CBOW),Portuguese word2vec embeddings model.,"['1810.04528_3_0', '1810.04528_0_0', '1810.04528_1_0']","['Proposed Approach', 'Introduction', 'Related Work']",0.0,0.0,False,exp1_boundary,clean
252677c93feb2cb0379009b680f0b4562b064270,2003.01006,How large is the dataset?,"6,127 scientific entities, including 2,112 Process, 258 Method, 2,099 Material, and 1,658 Data entities",,"['2003.01006_20_0', '2003.01006_16_0', '2003.01006_20_1']","['Appendix: Supplemental Material', 'Scientific Entity Resolution ::: Our Annotation Process ::: Annotated Corpus Characteristics', 'Appendix: Supplemental Material']",0.0,1.0,False,exp1_boundary,clean
ac706631f2b3fa39bf173cd62480072601e44f66,2002.02224,Did they experiment on this dataset?,no,"I don't know. The text mentions that the dataset CzCDC 1.0 was used for the experiment, but it does not explicitly state that they experimented on this dataset.","['2002.02224_13_0', '2002.02224_9_0', '2002.02224_10_0']","['Acknowledgment', 'Methodology ::: Pipeline', 'Results']",0.0,0.0,True,exp1_boundary,clean
9122de265577e8f6b5160cd7d28be9e22da752b2,2001.02885,What were the previously reported results?,Figures FIGREF1 and FIGREF1 contain a summary of the papers addressing speculation detection and scope resolution,The previously reported results are not mentioned in the provided context.,"['2001.02885_1_2', '2001.02885_0_1', '2001.02885_2_0']","['Methodology and Experimental Setup', 'Introduction', 'Results: Speculation Cue Detection and Scope Resolution']",0.0,0.0,False,exp1_boundary,boundary_cut
b5a2b03cfc5a64ad4542773d38372fffc6d3eac7,1906.09774,How are EAC evaluated?,"Qualitatively through efficiency, effectiveness and satisfaction aspects and quantitatively through metrics such as precision, recall, accuracy, BLEU score and even human judgement.","EAC (Emotion Aware Chatbots) are evaluated using various metrics, including precision, recall, accuracy, perplexity, BLEU, and human judgment. Human judgment involves rating chatbots' responses based on criteria such as content, emotion, consistency, logic, and naturalness.","['1906.09774_5_0', '1906.09774_2_0', '1906.09774_6_0']","['Qualitative Assessment', 'Building Emotionally-Aware Chatbot (EAC)', 'Quantitative Assessment']",0.0,0.0,False,exp1_boundary,boundary_cut
3f5f74c39a560b5d916496e05641783c58af2c5d,2004.04696,How are the synthetic examples generated?,"Random perturbation of Wikipedia sentences using mask-filling with BERT, backtranslation and randomly drop out",I don't know.,"['2004.04696_0_1', '2004.04696_0_0', '2004.04696_13_0']","['Introduction', 'Introduction', 'Pre-Training on Synthetic Data ::: Modeling']",0.5,0.0,True,exp1_boundary,clean
2c8d5e3941a6cc5697b242e64222f5d97dba453c,1909.02560,How much dramatically results drop for models on generated adversarial examples?,BERT on Quora drops from 94.6% to 24.1%,The overall accuracy of BERT on Quora drops from 94.6% to 24.1%.,"['1909.02560_13_0', '1909.02560_3_0', '1909.02560_15_0']","['Experiments ::: Main Results', 'Related Work ::: Adversarial Example Generation', 'Experiments ::: Adversarial Training']",0.0,0.0,False,exp1_boundary,clean
70e9210fe64f8d71334e5107732d764332a81cb1,1812.06864,what is the state of the art on WSJ?,HMM-based system,"The current state-of-the-art on WSJ is an HMM-based system which uses a combination of convolutional, recurrent and fully connected layers, as well as speaker adaptation, and reaches a WER of 2.0 on nov92.","['1812.06864_6_0', '1812.06864_7_0', '1812.06864_6_1']","['Experiments', 'Word Error Rate results', 'Experiments']",0.05882352941176471,0.0,False,exp1_boundary,clean
f697d00a82750b14376fe20a5a2b249e98bebe9b,1908.01294,Which deep learning architecture do they use for sentence segmentation?,Bi-LSTM-CRF,Bi-LSTM-CRF (Bidirectional Long Short-Term Memory - Conditional Random Field) model.,"['1908.01294_0_0', '1908.01294_3_0', '1908.01294_15_0']","['Introduction', 'English punctuation restoration', 'Conclusions']",0.0,0.0,False,exp1_boundary,clean
3ebdc15480250f130cf8f5ab82b0595e4d870e2f,1908.10275,How many genres did they collect from?,77 genres,,"['1908.10275_1_0', '1908.10275_0_0', '1908.10275_2_0']","['Brief introduction to popular music', 'Motivation, Background and Related Work', 'Data Description']",0.0,1.0,False,exp1_boundary,clean
983c2fe7bdbf471bb8b15db858fd2cbec86b96a5,1911.05343,Do they compare against state of the art text generation?,yes,I don't know.,"['1911.05343_6_0', '1911.05343_0_0', '1911.05343_6_1']","['Experimental Results', 'Introduction', 'Experimental Results']",0.0,0.0,True,exp1_boundary,clean
12eba1598dca14db64dbc8b73484639363a4618e,1909.00338,Which features do they use to model Twitter messages?,"word unigrams, bigrams, and trigrams",They do not explicitly mention the features used to model Twitter messages in the provided context.,"['1909.00338_0_0', '1909.00338_2_0', '1909.00338_13_1']","['Background', 'Implementation ::: Data collection', 'Discussion']",0.0,0.0,False,exp1_boundary,clean
d13efa7dee280c7c2f6dc451c4fbbf0240fc2efa,1810.07091,Do they differentiate insights where they are dealing with learned or engineered representations?,yes,"Yes, they differentiate insights where they are dealing with learned or engineered representations.","['1810.07091_11_0', '1810.07091_9_0', '1810.07091_0_0']","['Classifiers', 'Hand-crafted Features', 'Introduction']",0.0,0.0,False,exp1_boundary,clean
9176d2ba1c638cdec334971c4c7f1bb959495a8e,1809.00530,What are the source and target domains?,"Book, electronics, beauty, music, IMDB, Yelp, cell phone, baby, DVDs, kitchen","The source domain and target domain are not explicitly stated in the context, but based on the information provided, it can be inferred that the source domain is the existing domain with sufficient labeled data, and the target domain is the new domain with very few or no labeled data.","['1809.00530_0_0', '1809.00530_6_0', '1809.00530_2_0']","['Introduction', 'Datasets and Experimental Settings', 'Notations and Model Overview']",0.0,0.0,False,exp1_boundary,clean
30db81df46474363d5749d7f6a94b7ef95cd3e01,1811.05085,What domains do they experiment with?,"Twitter, Yelp reviews and movie reviews","Twitter, Yelp, and movie reviews.","['1811.05085_12_0', '1811.05085_0_0', '1811.05085_7_0']","['Results and analysis', 'Introduction', 'Target domains']",0.0,0.0,False,exp1_boundary,clean
ef396a34436072cb3c40b0c9bc9179fee4a168ae,1705.04153,What tasks do they experiment with?,text classification and text semantic matching,,"['1705.04153_13_0', '1705.04153_8_0', '1705.04153_9_0']","['Discussion and Qualitative Analysis', 'Text Classification', 'Text Semantic Matching']",0.0,1.0,False,exp1_boundary,clean
5d5a571ff04a5fdd656ca87f6525a60e917d6558,1801.09030,Do they impose any grammatical constraints over the generated output?,no,I don't know.,"['1801.09030_0_1', '1801.09030_4_0', '1801.09030_5_0']","['Introduction', 'Basic Encoder-Decoder Model', 'Coverage Mechanism']",0.0,0.0,True,exp1_boundary,boundary_cut
526ae24fa861d52536b66bcc2d2ddfce483511d6,2002.06675,How big are improvements with multilingual ASR training vs single language training?,relative WER improvement of 10%.,A relative WER improvement of 10% was achieved with multilingual training in the speaker-open setting.,"['2002.06675_20_0', '2002.06675_19_0', '2002.06675_0_0']","['Experimental Evaluation ::: Results', 'Experimental Evaluation ::: Experimental Setting', 'Introduction']",0.125,0.0,False,exp1_boundary,clean
859e0bed084f47796417656d7a68849eb9cb324f,1806.09103,how are rare words defined?,low-frequency words,"For quite a lot of words, especially those rare ones, their word embedding is extremely hard to learn due to the data sparse issue.","['1806.09103_3_0', '1806.09103_0_0', '1806.09103_11_0']","['Subword-augmented Word Embedding', 'Introduction', 'Augmented Word Embedding']",0.0,0.0,False,exp1_boundary,boundary_cut
d8627ba08b7342e473b8a2b560baa8cdbae3c7fd,1908.05828,Do the authors train a Naive Bayes classifier on their dataset?,no,I don't know.,"['1908.05828_1_0', '1908.05828_0_0', '1908.05828_10_0']","['Related Work', 'Introduction', 'Experiments']",0.0,0.0,True,exp1_boundary,clean
39492338e27cb90bf1763e4337c2f697cf5082ba,1704.06125,How many CNNs and LSTMs were ensembled?,10 CNNs and 10 LSTMs,,"['1704.06125_2_0', '1704.06125_1_0', '1704.06125_9_0']","['LSTM', 'CNN', 'Results']",0.0,1.0,False,exp1_boundary,clean
327e06e2ce09cf4c6cc521101d0aecfc745b1738,2001.11381,What evaluation metrics did they look at?,accuracy with standard deviation,"Gramaticalidad (ortografía, conjugaciones correctas, concordancia en género y número) y Coherencia (legibilidad, percepción de una idea general).","['2001.11381_11_0', '2001.11381_5_0', '2001.11381_4_1']","['Experimentos y resultados ::: Resultados', 'Modelos propuestos ::: Modelo generativo estocástico usando cadenas de Markov', 'Modelos propuestos']",0.1111111111111111,0.0,False,exp1_boundary,clean
ffa7f91d6406da11ddf415ef094aaf28f3c3872d,1906.01081,By how much more does PARENT correlate with human judgements in comparison to other text generation metrics?,Best proposed metric has average correlation with human judgement of 0.913 and 0.846 compared to best compared metrics result of 0.758 and 0.829 on WikiBio and WebNLG challenge.,I don't know. The context does not provide a specific comparison of PARENT's correlation with other metrics.,"['1906.01081_10_0', '1906.01081_11_0', '1906.01081_8_0']","['WebNLG Dataset', 'Related Work', 'Correlation Comparison']",0.1111111111111111,0.0,True,exp1_boundary,clean
54415efa91566d5d7135fa23bce3840d41a6389e,1704.02686,What dimensions of word embeddings do they produce using factorization?,300-dimensional vectors,100-300 dimensions.,"['1704.02686_0_0', '1704.02686_6_0', '1704.02686_12_0']","['Introduction', 'Word Embedding Proposals', 'Multiplicative Compositionality']",0.0,0.0,False,exp1_boundary,clean
ec62c4cdbeaafc875c695f2d4415bce285015763,1910.03771,What state-of-the-art general-purpose pretrained models are made available under the unified API?,BERT RoBERTa DistilBERT GPT GPT2 Transformer-XL XLNet XLM,,"['1910.03771_8_0', '1910.03771_15_0', '1910.03771_13_0']","['Library design ::: Core components', 'Related work', 'Experimenting with Transformers ::: Ecosystem']",0.0,1.0,False,exp1_boundary,clean
3ee721c3531bf1b9a1356a40205d088c9a7a44fc,1909.05855,How did they gather the data?,"simulation-based dialogue generation, where the user and system roles are simulated to generate a complete conversation flow, which can then be converted to natural language using crowd workers ","They gathered the data by sampling a set of entities from Freebase and obtaining the values for slots defined in the schema from the appropriate attribute in Freebase. Some slots, like event dates/times and available ticket counts, were synthetically sampled.","['1909.05855_3_0', '1909.05855_4_0', '1909.05855_1_0']","['The Schema-Guided Dialogue Dataset ::: Services and APIs', 'The Schema-Guided Dialogue Dataset ::: Dialogue Simulator Framework', 'Related Work']",0.04878048780487806,0.0,False,exp1_boundary,clean
39a450ac15688199575798e72a2cc016ef4316b5,1712.03556,How much performance improvements they achieve on SQuAD?,Compared to baselines SAN (Table 1) shows  improvement of 1.096% on EM and 0.689% F1. Compared to other published SQuAD results (Table 2) SAN is ranked second.,"On AddSent, SAN achieves a +1.2 improvement in F1 score over the Standard 1-step answer module. On AddOneSent, SAN achieves a +0.7 improvement in F1 score over the Standard 1-step answer module.","['1712.03556_4_0', '1712.03556_3_0', '1712.03556_8_0']","['How robust are the results?', 'Results', 'Experiments results on MS MARCO']",0.06060606060606061,0.0,False,exp1_boundary,clean
4bd894c365d85e20753d9d2cb6edebb8d6f422e9,1911.05153,How authors create adversarial test set to measure model robustness?,"we devise a test set consisting of ‘adversarial’ examples, i.e, perturbed examples that can potentially change the base model's prediction.  We use two approaches described in literature: back-translation and noisy sequence autoencoder.",,"['1911.05153_14_0', '1911.05153_15_0', '1911.05153_0_0']","['Results and Discussion', 'Related Work', 'Introduction']",0.0,1.0,False,exp1_boundary,clean
86083a02cc9a80b31cac912c42c710de2ef4adfd,2002.08126,How do they obtain language identities?,model is trained to predict language IDs as well as the subwords we add language IDs in the CS point of transcriptio,"They obtain language identities by augmenting the output symbols set with language IDs $<chn>$ and $<eng>$, as shown in Fig. 1.","['2002.08126_2_0', '2002.08126_0_0', '2002.08126_1_0']","['RNN-T with language bias', 'Introduction', 'review of RNN-T']",0.0,0.0,False,exp1_boundary,boundary_cut
81dc39ee6cdacf90d5f0f62134bf390a29146c65,1911.03310,What challenges this work presents that must be solved to build better language-neutral representations?,contextual embeddings do not represent similar semantic phenomena similarly and therefore they are not directly usable for zero-shot cross-lingual tasks,"The challenges presented by this work that must be solved to build better language-neutral representations are:

1. Language overfitting
2. Hyper-parameter tuning
3. Limited language neutrality of mBERT, which can be approximated as a constant shift in the representation space.
4. Need for explicit bilingual projection to work well in zero-shot setups.","['1911.03310_0_0', '1911.03310_1_0', '1911.03310_9_0']","['Introduction', 'Related Work', 'Experimental Setup']",0.03773584905660378,0.0,False,exp1_boundary,clean
fc8bc6a3c837a9d1c869b7ee90cf4e3c39bcd102,1905.06566,Is the baseline a non-heirarchical model like BERT?,There were hierarchical and non-hierarchical baselines; BERT was one of those baselines,Yes.,"['1905.06566_10_1', '1905.06566_4_1', '1905.06566_10_2']","['Results', 'Pre-training', 'Results']",0.0,0.0,False,exp1_boundary,boundary_cut
3513682d4ee2e64725b956c489cd5b5995a6acf2,1907.08937,Which sampling method do they use to approximate similarity between the conditional probability distributions over entity pairs?,monte-carlo sequential sampling,I don't know. The context does not mention a specific sampling method used to approximate similarity between the conditional probability distributions over entity pairs.,"['1907.08937_0_0', '1907.08937_17_0', '1907.08937_0_1']","['Introduction', 'Real World Experiment', 'Introduction']",0.07999999999999999,0.0,True,exp1_boundary,clean
ecc63972b2783ee39b3e522653cfb6dc5917d522,1706.09673,How do they encourage understanding of literature as part of their objective function?,"They group the existing works in terms of the objective function they optimize - within-tweet relationships, inter-tweet relationships, autoencoder, and weak supervision.",I don't know.,"['1706.09673_2_0', '1706.09673_3_0', '1706.09673_6_0']","['Modeling within-tweet relationships', 'Modeling inter-tweet relationships', 'Modeling using weak supervision']",0.5,0.0,True,exp1_boundary,clean
f10325d022e3f95223f79ab00f8b42e3bb7ca040,1709.02271,How are discourse features incorporated into the model?,They derive entity grid with grammatical relations and RST discourse relations and concatenate them with pooling vector for the char-bigrams before feeding to the resulting vector to the softmax layer.,"Discourse features are incorporated into the model through two schema for creating discourse feature sequences from an entity grid, which are local and global reading.","['1709.02271_8_0', '1709.02271_5_0', '1709.02271_0_0']","['Analysis', 'Featurization', 'Introduction']",0.0,0.0,False,exp1_boundary,boundary_cut
0bffc3d82d02910d4816c16b390125e5df55fd01,2003.07433,Do the authors mention any possible confounds in this study?,no,,"['2003.07433_3_0', '2003.07433_0_0', '2003.07433_10_0']","['Demographics of Clinically Validated PTSD Assessment Tools', 'Introduction', 'LAXARY: Explainable PTSD Detection Model ::: Psychometric Validation of PTSD Linguistic Dictionary']",0.0,0.0,False,exp1_boundary,clean
0a92352839b549d07ac3f4cb997b8dc83f64ba6f,1708.00111,By how much do they outperform basic greedy and cross-entropy beam decoding?,2 accuracy points,+5.5 accuracy points gain for supertagging and +1.5 F1 points for NER.,"['1708.00111_12_0', '1708.00111_0_0', '1708.00111_4_0']","['Results', 'Introduction', 'Training with Continuous Relaxation of Beam Search']",0.0,0.0,False,exp1_boundary,clean
df2839dbd68ed9d5d186e6c148fa42fce60de64f,1804.05868,How big is the provided treebank?,"1448 sentences more than the dataset from Bhat et al., 2017","I don't know. The context mentions Hindi and English Universal Dependency (UD) treebanks, but it does not provide their size.","['1804.05868_4_0', '1804.05868_8_0', '1804.05868_6_0']","['Universal Dependencies for Hindi-English', 'Stacking Models', 'Parsing Algorithm']",0.0,0.0,True,exp1_boundary,clean
05c49b9f84772e6df41f530d86c1f7a1da6aa489,1912.08904,What interface does Macaw currently have?,File IO Standard IO Telegram,"Macaw currently has the following interfaces: 

1. File IO (non-interactive)
2. Standard IO (interactive command line interface)
3. Telegram (interactive interface for real users)","['1912.08904_1_0', '1912.08904_0_1', '1912.08904_3_0']","['Macaw Architecture', 'Introduction', 'User Interfaces']",0.0,0.0,False,exp1_boundary,clean
48cf360a7753a23342f53f116eeccc2014bcc8eb,1909.01958,Is Aristo just some modern NLP model (ex. BERT) finetuned od data specific for this task?,yes,"No, Aristo is not just a modern NLP model (e.g. BERT) fine-tuned on data specific for this task. It uses a combination of techniques, including BERT, background knowledge retrieval, multi-step fine-tuning, and ensembling of different variants of BERT.","['1909.01958_4_0', '1909.01958_20_0', '1909.01958_9_0']","['A Brief History of Aristo', 'Summary and Conclusion', 'The Aristo System ::: Large-Scale Language models']",0.0,0.0,False,exp1_boundary,clean
79620a2b4b121b6d3edd0f7b1d4a8cc7ada0b516,1911.11951,What are the state-of-the-art models for the task?,"To the best of our knowledge, our method achieves state-of-the-art results in weighted-accuracy and standard accuracy on the dataset","RoBERTa (Robustly Optimized BERT Approach) and BERT (Bidirectional Encoder Representations from Transformers) are the state-of-the-art models for the task, achieving high performance in multi-task General Language Understanding Evaluation (GLUE) benchmark and sentence-pair classification tasks.","['1911.11951_6_0', '1911.11951_1_0', '1911.11951_0_0']","['Ethical Considerations', 'Methodology', 'Introduction']",0.0,0.0,False,exp1_boundary,clean
05671d068679be259493df638d27c106e7dd36d0,1910.02339,What is the performance proposed model achieved on MathQA?,"Operation accuracy: 71.89
Execution accuracy: 55.95",I don't know. The performance of the proposed model on MathQA is not mentioned in the provided context.,"['1910.02339_17_1', '1910.02339_17_0', '1910.02339_24_0']","['Appendix ::: Implementations of TP-N2F for experiments', 'Appendix ::: Implementations of TP-N2F for experiments', 'Appendix ::: Generated programs comparison']",0.10526315789473684,0.0,True,exp1_boundary,clean
e48e750743aef36529fbea4328b8253dbe928b4d,1708.06185,what dataset was used?,WASSA-2017 Shared Task on Emotion Intensity,Twitter dataset.,"['1708.06185_2_1', '1708.06185_2_0', '1708.06185_0_0']","['Feature Extraction', 'Feature Extraction', 'Introduction']",0.0,0.0,False,exp1_boundary,clean
